timestamp,Roll,Pitch,Yaw,Acc X,Acc Y,Acc Z,Gyro X,Gyro Y,Gyro Z,Acc Magnitude,Gyro Magnitude
0.0,-10.513047780899418,6.646851447783246,-63.37567007167884,-0.053378397688756615,0.004969131297300575,0.05291477714655835,6.121720916567666e-05,0.005701460011607577,-0.09184586093109648,,
0.00951600000007602,-10.690007151270073,6.649863676430163,-63.89816664118695,-0.041251511534680124,-0.06561653124302881,0.040742304737889194,-0.009749893179847164,0.011738067125281098,-0.10419701123384344,,
0.019025999999939813,-10.885020200388956,6.599816362216629,-64.32383317445064,-0.03256859623939897,-0.10872829094061866,0.005096742748034835,-0.011105742142559763,0.013230637689412477,-0.08437209351738982,,
0.02853899999990972,-11.036737318631744,6.5595270420579,-64.53276846076976,-0.013174716787294614,-0.10738033259266938,0.0009041941052539623,0.0,0.0,0.0,,
0.0380459999996674,-11.099212838766837,6.5756884157144935,-64.4955353758694,0.03009839802199881,-0.06308995151702787,-0.008057853042834573,0.0,0.0,0.0,,
0.04754800000000614,-11.058984543416637,6.688110353054435,-64.27615608309495,0.022805514286773212,0.011633949397810076,-0.004968459404612438,0.0,0.0,0.0,,
0.057052999999996246,-10.932263681770046,6.87408901479408,-63.998975511773125,0.044107478719448985,0.055889356268882,-0.008754728092035697,0.023500013885377834,-0.0073368602317989045,0.048876752175850795,,
0.06657700000005207,-10.757998204388855,7.071552018763957,-63.799659251854855,0.048671751339102384,0.08691739092031049,-0.008699564592657956,0.0,0.0,0.0,,
0.07606399999986024,-10.582420886062655,7.234118282646212,-63.772642981999745,0.042563056820608645,0.08388794984059031,-0.007007971716892443,0.0,0.0,0.0,,
0.08559299999978975,-10.442990662002416,7.3134945420472075,-63.93832062596483,0.02608469694760333,0.04874305100018807,-0.0041846637515251615,0.0,0.0,0.0,,
0.09509699999989607,-10.367368251149651,7.2933762800183795,-64.240081653643,0.0070308844539811,-0.0011132923886013014,0.03170897354799098,-0.003527383253896359,-0.02421648679381663,-0.06615696698888546,,
0.10461399999985588,-10.34666052254162,7.198526267113,-64.56979705871555,-0.013610980889912822,-0.06266624528788575,0.04232541104801605,-0.010759940996132124,-0.025910410771531805,-0.07034020245443216,,
0.11411199999974997,-10.370395870249965,7.0720069286282286,-64.81027730470088,-0.040851604364973766,-0.09274806308352992,0.037655098271377176,-0.013920598737693895,-0.026363148176721016,-0.05133353643361128,,
0.12363000000004831,-10.402537794087559,6.956518561419918,-64.87721645693928,-0.0480836672734445,-0.09475770098137819,0.047426002612977816,0.0,0.0,0.0,,
0.1331449999997858,-10.426852996022792,6.901670383141051,-64.75414395257083,-0.042917951786284526,-0.06371771815963549,0.05983958979220992,0.0,0.0,0.0,,
0.1426449999999022,-10.435315238122119,6.918635486993827,-64.49435706572699,-0.027516015566779708,-0.020270815091781937,0.05312928364738022,-0.0032595497330031517,-0.014464476285783406,0.048459870372340404,,
0.15216800000007424,-10.424505083888839,6.982328490466327,-64.25640649159175,-0.0066121403650813825,0.028776325841333116,0.03935613794448818,-0.0023874756117232433,-0.009018196711619726,0.05566741390840073,,
0.16166699999985212,-10.403602657147154,7.06262164243682,-64.08530138709122,0.01085946774576058,0.05812727154695865,-0.0006172659024902792,0.0,0.0,0.0,,
0.17118099999970582,-10.380525176188293,7.110476131955477,-64.01896926040332,0.03030298586620516,0.06046592218324898,-0.0047940886047680405,0.0,0.0,0.0,,
0.18068300000004456,-10.358924277964515,7.085395422825257,-63.9749235095197,0.052316437897840545,0.02339843092574547,0.015516898274811498,0.0,0.0,0.0,,
0.19017699999994875,-10.337934940829834,6.994351463477348,-64.0504487747838,0.03182814726528568,0.01637293227376903,-0.0064788985818563976,-0.022931266249318426,-0.013037934608098677,-0.043125064225793694,,
0.19968699999981254,-10.306913326309472,6.856564000566177,-64.15937920684058,0.024719073516225407,-0.04006067925213512,0.020877302290706917,-0.023373847336130876,-0.0207185896502671,-0.051294122902277625,,
0.2092170000000806,-10.2699315987334,6.714037307928621,-64.34643559225023,0.023626951878855093,-0.049195173024192795,-0.00642460939010605,-0.019256784595327522,-0.026074169925815346,-0.04209523148114755,,
0.21871299999975236,-10.224565216102897,6.61400927836009,-64.4253225612944,-0.0004433754029528605,-0.05556335956510115,0.034228186028104846,0.0,0.0,0.0,,
0.22822099999984857,-10.168476487023076,6.577963583351818,-64.37700352078319,-0.013144214282419337,-0.039684010498249246,0.04258922226556236,0.0,0.0,0.0,,
0.2377400000000307,-10.11132799505134,6.600883938830676,-64.23044126841567,-0.016901745078878982,-0.015526861141671185,0.05733371650886944,0.0,0.0,0.0,,
0.2472459999999046,-10.068301316174512,6.6705520114383186,-64.04960136102386,0.009966368074582448,-0.001266638435290849,0.047029040103046385,0.0,0.0,0.0,,
0.2567629999998644,-10.049884453571678,6.74664987750622,-63.904144839450915,0.010256934081173659,-0.0013401292206005578,0.048312327408162985,0.0,0.0,0.0,,
0.2662799999998242,-10.063920250927843,6.794081054119133,-63.84821361956568,0.009197678377004853,-0.0012165307632304963,0.0431925709104428,0.0,0.0,0.0,,
0.2757779999997183,-10.107767947393016,6.8008116628672655,-63.899972270336995,0.008035814912934675,-0.0010572221377291025,0.037605189339778064,0.0,0.0,0.0,,
0.28529600000001665,-10.174530209453792,6.762363001531948,-64.0383887288277,0.005428920566234095,-0.0006961979540615536,0.025321649821469287,0.0,0.0,0.0,,
0.2947999999996682,-10.2517795717531,6.693135452774162,-64.12888327105429,0.0,0.0,0.0,0.0,0.0,0.0,,
0.30430599999999686,-10.317396497469467,6.622510493421,-64.17202232879858,0.0,0.0,0.0,0.0,0.0,0.0,,
0.31381599999986065,-10.358503079900364,6.575277203869508,-64.1353130803381,0.0,0.0,0.0,0.0,0.0,0.0,,
0.323327000000063,-10.366434807047465,6.568126323006833,-64.02732724319029,0.006231853190250143,-0.000659928626180459,0.02885586132006422,0.0,0.0,0.0,,
0.33284199999980046,-10.344512032595839,6.601664510950755,-63.98162290583553,0.005663130433634134,-0.0006137921959839267,0.026230735302170433,0.0,0.0,0.0,,
0.34235499999977037,-10.302870213841945,6.659714072045205,-63.86615893381006,0.0,0.0,0.0,0.0,0.0,0.0,,
0.3518629999998666,-10.255910813179488,6.718542883386811,-63.77238009183061,0.005284219076814933,-0.0006169060877770204,0.02452176934934948,0.0,0.0,0.0,,
0.3613510000000133,-10.222395512743816,6.758311084687156,-63.74419418919434,0.006711798315047527,-0.0008088830816890648,0.031176699750473963,0.0,0.0,0.0,,
0.370864999999867,-10.210648470560225,6.766644411928168,-63.79864665742076,0.006600640958443497,-0.0008092169157568444,0.030681472597822602,0.0,0.0,0.0,,
0.3803829999997106,-10.228778977176919,6.73971611859402,-63.92297530415971,0.006550186155446105,-0.0007998701931652859,0.0304442277611084,0.0,0.0,0.0,,
0.389875999999731,-10.272231761246932,6.68977138213446,-64.08078505813599,-0.018674611151010077,-0.013845369935068701,0.0365749057231801,0.0,0.0,0.0,,
0.3994029999998929,-10.327337456021679,6.637486685658832,-64.2241643085004,-0.020471081215630613,-0.01489579282775314,0.03877230363968768,0.0,0.0,0.0,,
0.40892799999983254,-10.380735940985106,6.598875348495695,-64.3110402941445,-0.017927817281422734,-0.013549646238926526,0.03837139803113863,0.0,0.0,0.0,,
0.4183269999998629,-10.416499363471058,6.586166945760535,-64.32106159701945,0.0059338630455476665,-0.0006532295963375996,0.02736914661032579,0.0,0.0,0.0,,
0.42793200000005527,-10.429779770704792,6.603314526889924,-64.26220982512778,0.006063333952470827,-0.0006647243895799253,0.027917489933388395,0.0,0.0,0.0,,
0.4374490000000151,-10.418480108226708,6.639620780193013,-64.0901964823145,0.006127636279226086,-0.000671481939291995,0.028190357476628562,0.0,0.0,0.0,,
0.44694499999968684,-10.383282823666232,6.675580116544189,-63.96756040194948,0.006423687834422317,-0.0007159482590008039,0.02958400907189458,0.0,0.0,0.0,,
0.4564599999998791,-10.338096623703885,6.697367394452272,-63.96939092461803,0.005302858222687228,-0.0006099400177913007,0.024485405217893483,0.0,0.0,0.0,,
0.4659670000000915,-10.293675001558361,6.698771791080288,-63.969431480598395,0.0,0.0,0.0,0.0,0.0,0.0,,
0.4754909999996926,-10.262523805183998,6.673519853032372,-64.0216838701429,0.0,0.0,0.0,0.0,0.0,0.0,,
0.4849829999998292,-10.25000693537685,6.6305992038629755,-64.10249531944211,0.0,0.0,0.0,0.0,0.0,0.0,,
0.4945009999996728,-10.251421575463764,6.58830283082961,-64.17966900535005,-0.02254266400313682,-0.011490553586438128,0.004544845264348208,0.0,0.0,0.0,,
0.5036279999999351,-10.26394948664545,6.557479725486282,-64.22419934262514,-0.025927590426217412,-0.016956360358814704,0.034750270194681625,0.0,0.0,0.0,,
0.5135169999998652,-10.272775820320229,6.544192855508936,-64.22039602436475,-0.023275587005892107,-0.017027982229077504,0.04542003561364432,0.0,0.0,0.0,,
0.5230219999998553,-10.279323861159504,6.551978890236479,-64.17361668624687,-0.016798984910994033,-0.014653563314976909,0.0511214298313148,0.0,0.0,0.0,,
0.5325309999998353,-10.279254590844618,6.570524622204516,-64.10366540688207,0.00951332262424785,-0.0010592432736211614,0.044344951386829375,0.0,0.0,0.0,,
0.5420340000000579,-10.273120736365664,6.580656422851824,-64.03683629954699,0.0076718335444114355,-0.0008526651503787278,0.03575954937198401,0.0,0.0,0.0,,
0.5515439999999217,-10.26599916781139,6.571467054521007,-63.99796780392562,0.005765735803762561,-0.0006350582453425057,0.0268967978502176,0.0,0.0,0.0,,
0.5610649999998714,-10.259760983646977,6.539043262354109,-63.999332975014106,0.007066306390638386,-0.000764594576509987,0.03301999424996892,0.0,0.0,0.0,,
0.5705729999999676,-10.256717852441096,6.486910896768702,-64.03955190368106,0.006009150072289541,-0.0006335055929659883,0.02814400543659438,0.0,0.0,0.0,,
0.5800939999999173,-10.262822732774694,6.426881699817307,-64.10176945365033,0.0,0.0,0.0,0.0,0.0,0.0,,
0.5896069999998872,-10.280431119646225,6.372918334316498,-64.16101268959856,0.0,0.0,0.0,0.0,0.0,0.0,,
0.5991009999997914,-10.295457107692775,6.332907883780246,-64.08048664028847,0.0,0.0,0.0,0.0,0.0,0.0,,
0.6086219999997411,-10.297657907068544,6.313219407554069,-63.96842983913522,0.0,0.0,0.0,0.0,0.0,0.0,,
0.6181169999999838,-10.278133279353428,6.310003246299369,-63.91104043927145,0.008054710868510881,-0.0007232617127723144,0.03790780014767208,0.0,0.0,0.0,,
0.6276290000000699,-10.240840733188131,6.311948579643645,-63.823475570171105,0.009022734397380331,-0.0008125092663000815,0.04257626097552777,0.0,0.0,0.0,,
0.6371329999997215,-10.196715216880499,6.308942223913642,-63.733224593950844,0.0062925438660039615,-0.0005677593832783634,0.02979320983123161,0.0,0.0,0.0,,
0.6466409999998177,-10.161797566114812,6.294464750241457,-63.66873543639773,0.0,0.0,0.0,0.0,0.0,0.0,,
0.6561549999996714,-10.149356094623325,6.266401490499031,-63.64963500435753,0.0,0.0,0.0,0.0,0.0,0.0,,
0.66566499999999,-10.164015074025086,6.2284677456890964,-63.679887318601665,0.006458403254380961,-0.0005492037959725913,0.030748666938267197,0.0,0.0,0.0,,
0.6751759999997375,-10.199621760720095,6.185718380581275,-63.74543709691596,0.008779882708436052,-0.0007159774526164202,0.04175934771213119,0.0,0.0,0.0,,
0.6846949999999197,-10.241756546262257,6.142277450574957,-63.816293583502194,0.008199480939724273,-0.0006381089008071431,0.03894098606386973,0.0,0.0,0.0,,
0.6941950000000361,-10.28064108671495,6.104577416246741,-63.86336952955256,0.007114347339324793,-0.0005282275048432364,0.03373706431924621,0.0,0.0,0.0,,
0.7037000000000262,-10.301325526586394,6.081825621510459,-63.87093701765104,0.0,0.0,0.0,0.0,0.0,0.0,,
0.7132209999999759,-10.294006890172405,6.076220510507702,-63.84193101082987,0.0,0.0,0.0,0.0,0.0,0.0,,
0.7227199999997538,-10.259630587798677,6.085106629629107,-63.7951813504124,0.0,0.0,0.0,0.0,0.0,0.0,,
0.7322380000000521,-10.20559158682279,6.099049908012068,-63.75594745903126,0.0,0.0,0.0,0.0,0.0,0.0,,
0.7417379999997138,-10.148344777846372,6.1098825312116665,-63.74629531412946,0.00556970146556755,-0.0004366660574215164,0.026674734817696815,0.0,0.0,0.0,,
0.7512520000000222,-10.103199519573284,6.10835263453328,-63.77674474110143,0.007360350853716804,-0.000595006229075148,0.035378485123986496,0.0,0.0,0.0,,
0.760768999999982,-10.079990908807732,6.08170137212476,-63.84179159594396,0.009396582777917759,-0.0007619951384326856,0.045299118161059755,0.0,0.0,0.0,,
0.770277999999962,-10.08301166047449,6.036177828456549,-63.92698072501468,0.008377421586712256,-0.000663048765789313,0.04045278958153052,0.0,0.0,0.0,,
0.779790999999932,-10.112587229963161,5.984455897703103,-64.01104799518613,0.006399140058640365,-0.0004833926330974437,0.030893848065581493,0.0,0.0,0.0,,
0.789288999999826,-10.161732302500106,5.9291483138322425,-64.07455095187532,0.005825022945355911,-0.0004104060226188903,0.02807602898092225,0.0,0.0,0.0,,
0.7988069999996696,-10.216883436162494,5.879226259910604,-64.10642449732669,0.007047080625353375,-0.00045785821528136674,0.03388598315343338,0.0,0.0,0.0,,
0.8083069999997861,-10.268298065771965,5.839171511445702,-64.10677542117892,0.008127766097352865,-0.00048639675135049755,0.03898542569691234,0.0,0.0,0.0,,
0.8178109999998924,-10.309789850785718,5.805621890187681,-64.0850801281498,0.008057848536377412,-0.00044519590493519433,0.03857371291787686,0.0,0.0,0.0,,
0.8273220000000947,-10.343040136977914,5.770392534242074,-64.0587969881096,0.007227242324235316,-0.0003672488365886787,0.03455364974116396,0.0,0.0,0.0,,
0.8368329999998423,-10.371162439117528,5.733841637601003,-64.0439329447971,0.00633815239643784,-0.0002960250180017717,0.0302784993351616,0.0,0.0,0.0,,
0.8463499999998021,-10.390961033478803,5.688612107043729,-64.05018680726398,0.006233946709683627,-0.0002660515097556774,0.02978642196397969,0.0,0.0,0.0,,
0.855862999999772,-10.409607717077453,5.640611716876314,-64.07834866230245,0.006176937299298489,-0.00024013000418034047,0.029525872466807924,0.0,0.0,0.0,,
0.8653690000001006,-10.43159379504592,5.599659462293418,-64.11801675001051,0.0,0.0,0.0,0.0,0.0,0.0,,
0.8748769999997421,-10.456676784696722,5.566010717887234,-64.15059741071788,0.005536311958954058,-0.0001811831449512776,0.0264430438430797,0.0,0.0,0.0,,
0.8843790000000809,-10.483050555177748,5.546053154193861,-64.15889067130936,-0.006581477560102507,-0.035370229760351146,0.027813552412278404,0.0,0.0,0.0,,
0.893898999999692,-10.49505066033163,5.543897781621375,-64.13198894760264,-0.011262869271198904,-0.039508856757104804,0.03280479671195284,0.0,0.0,0.0,,
0.9034010000000308,-10.497035627053984,5.555321185588389,-64.06967346876792,-0.022612521433190653,-0.03950384845637187,0.004507777530549574,0.0,0.0,0.0,,
0.912927999999738,-10.484989073075054,5.5769446906571485,-63.97823066203193,-0.03475674244733679,-0.0177493066791281,0.007187212410981415,0.0,0.0,0.0,,
0.9224199999998746,-10.46253273029124,5.612947870238105,-63.87150546873816,-0.030799954075858355,-0.015804045850774225,0.006360964109439904,0.0,0.0,0.0,,
0.9319289999998546,-10.435256411345742,5.665228113603239,-63.76365066956585,-0.016413662631831354,-0.011663327338894837,0.032315191965961346,0.0,0.0,0.0,,
0.9414339999998447,-10.411043318142537,5.724145497472444,-63.66588057160541,0.011241868496865658,-0.0004242125289316501,0.05354345718897445,0.0,0.0,0.0,,
0.9509499999999207,-10.382430364880447,5.791682839984514,-63.58821428290235,0.011201986356107915,-0.0004759981627208069,0.053329329928829536,0.0,0.0,0.0,,
0.9604679999997643,-10.35688630461602,5.873773856599964,-63.53542552896844,0.008014495129029983,-0.00038954881551942817,0.038106958716132316,0.0,0.0,0.0,,
0.9699659999996584,-10.330931714750328,5.961015181269078,-63.50396665172445,0.0,0.0,0.0,0.0,0.0,0.0,,
0.979471999999987,-10.29275617287489,6.046209840688218,-63.486027634747124,0.0,0.0,0.0,0.0,0.0,0.0,,
0.9889749999997548,-10.238688176298021,6.126375165040691,-63.47331350437363,0.0,0.0,0.0,0.0,0.0,0.0,,
0.9985090000000127,-10.160975840017148,6.19383439773293,-63.456460202825745,0.0,0.0,0.0,0.0,0.0,0.0,,
1.0080089999996744,-10.070361667330282,6.248144671448439,-63.371746034305616,0.0,0.0,0.0,0.0,0.0,0.0,,
1.0174990000000435,-9.970456845310308,6.293327714663661,-63.30972936669445,0.0,0.0,0.0,0.0,0.0,0.0,,
1.0270219999997607,-9.87242423818298,6.3275914980031045,-63.29579496501426,0.005910736939805793,-0.00058387706601862,0.0286575628497728,0.0,0.0,0.0,,
1.036515999999665,-9.78657493464628,6.358046186333161,-63.22960185949105,0.0,0.0,0.0,0.0,0.0,0.0,,
1.046020999999655,-9.712887038174838,6.384664834768802,-63.19294618444877,-0.029076264712579212,-0.015393459315364233,0.005595318412247961,0.0,0.0,0.0,,
1.0555349999999635,-9.644018961688072,6.393547759086061,-63.23780656938941,-0.025766648195058126,-0.0181838634064847,0.04135187217250126,0.0,0.0,0.0,,
1.0650399999999536,-9.585534308130441,6.391332653047566,-63.26562706117111,-0.027553076840454663,-0.018270548769181202,0.03501833625484494,0.0,0.0,0.0,,
1.0745539999998073,-9.527321301455006,6.385252523953472,-63.28908958220263,-0.0282734121952188,-0.014894410245032427,0.00532918080505255,0.0,0.0,0.0,,
1.0840739999998732,-9.461193324924302,6.365194467395361,-63.29809020866749,0.0,0.0,0.0,0.0,0.0,0.0,,
1.0935709999998835,-9.378637137213936,6.334705406471787,-63.28801593529865,0.0,0.0,0.0,0.0,0.0,0.0,,
1.1030829999999696,-9.26774063684223,6.295203471937157,-63.258506796879814,0.0,0.0,0.0,0.0,0.0,0.0,,
1.1125910000000658,-9.128933719814512,6.241646791380393,-63.21496028490535,0.0,0.0,0.0,0.0,0.0,0.0,,
1.1221029999996972,-8.960493877792443,6.172274479778714,-63.1656208328308,0.0,0.0,0.0,0.0,0.0,0.0,,
1.1316189999997732,-8.77259030764524,6.097015381062839,-63.11997489686523,0.0,0.0,0.0,-0.007470167957935816,-0.050183994591446214,0.0010838733710813093,,
1.1411269999998694,-8.571314338940258,6.007729736308288,-63.081458403206916,0.0,0.0,0.0,-0.008710972119359346,-0.05498405773389198,-0.0006076597702699168,,
1.1506269999999859,-8.363794715038294,5.906737788437249,-63.05168361462636,0.0,0.0,0.0,-0.009689351551527049,-0.05858362618003915,-0.0024554182094657134,,
1.1601430000000619,-8.156502264388314,5.800143015321482,-63.02755401475646,0.005109693651159669,-0.0007376711731450358,0.029287537654827226,-0.010188014473328268,-0.06052901015173386,-0.0035350792496529853,,
1.1696499999998196,-7.95671532887697,5.683643264014499,-63.00411079718071,0.00467187121623506,-0.0006835456407534376,0.027427818304060745,-0.011593392511411145,-0.061265464434033245,-0.003472631143809742,,
1.1791669999997794,-7.766109599397424,5.556515306530887,-62.97653832839796,0.005093947416249782,-0.0007477195628675341,0.030637366963523104,-0.013149314580255329,-0.060840324871949354,-0.0024058407998587836,,
1.1886649999996735,-7.58089560869046,5.422716427397263,-62.94240848404446,0.0047913971125617605,-0.0007006929825792425,0.029533381105860148,-0.014706151866286833,-0.06001022459518408,-0.0009280363452584693,,
1.1981689999997798,-7.400221129113124,5.275709629305702,-62.903621117076675,0.004840360608713672,-0.0006974994733050469,0.030600867072132755,-0.017231414057690735,-0.05948162253105972,0.0001555291642159368,,
1.2076819999997497,-7.217323221630989,5.115001477202187,-62.864963056146955,0.00439225521441236,-0.0006181823103221867,0.02852594951666545,-0.01997608593155732,-0.05970541383164201,0.00016394296172344744,,
1.2171939999998358,-7.028042099137179,4.944288176240828,-62.83138934597421,0.0,0.0,0.0,-0.022149330438163903,-0.06043405782241174,-0.0008876106296255969,,
1.2267069999998057,-6.828219031529147,4.7612002035893495,-62.80875092365134,0.00415578630558508,-0.0005499007038046186,0.02867275329668733,-0.024483789971858447,-0.06203252626261951,-0.0031615997046982995,,
1.236207999999806,-6.622728600075888,4.5707133016606525,-62.799014141822454,0.00673575140339196,-0.0008584247547064622,0.04806499635878,-0.02646106687888728,-0.06177327592677118,-0.005737397137131681,,
1.245723999999882,-6.428279361092892,4.38561215698645,-62.80743285405351,0.007319220889154593,-0.0008951254473079847,0.053993678160994506,-0.02749316187863388,-0.059160514191217414,-0.009087069349363142,,
1.2552299999997558,-6.233453594131422,4.207310372667116,-62.83789538708469,0.005795739704950101,-0.000683576874850135,0.044233801604137944,-0.02759157036743383,-0.05824337328664227,-0.013411180928354527,,
1.2647469999997156,-6.044522806879777,4.026020154839088,-62.894015767205175,0.003844209868061866,-0.0004339197068898843,0.030374128317433934,-0.028048163547503214,-0.05791683259586157,-0.01836384171868813,,
1.2742519999997057,-5.857523416360383,3.8430098143786737,-62.97520206595831,0.0,0.0,0.0,-0.02696549079783271,-0.058470003906956974,-0.023246756998359038,,
1.2837620000000243,-5.667766936906539,3.6512230217468495,-63.074162979437965,0.0,0.0,0.0,-0.026282968277653695,-0.0602488406182027,-0.0267370367191041,,
1.293264999999792,-5.483425068131253,3.441166087537172,-63.17849645169541,0.0029509731865107205,-0.00026828847103694246,0.026124877370845515,-0.027026440781466536,-0.062206132330170034,-0.027621162017713873,,
1.3027819999997519,-5.300741289329944,3.217961903782475,-63.274029759930514,0.0028264807633514412,-0.0002199215222621654,0.026102458721872005,-0.027512730978106945,-0.06467511583359316,-0.025708817882346826,,
1.3122920000000704,-5.122616220157131,2.9792744029246907,-63.34984903237739,0.00315549679688221,-0.0001904651669390662,0.030465944787734324,-0.02981221801289331,-0.06639754672860745,-0.021571639440464693,,
1.3313029999999344,-4.791167757171314,2.4935530720865837,-63.42756018215359,-0.019859319611110156,-0.01188307571775722,0.04005244808392385,-0.03369007662651763,-0.06594361111949028,-0.011496288786533656,,
1.340816999999788,-4.634966584417684,2.2580340988608416,-63.441742693723825,0.003292872872994307,3.673793448345662e-05,0.03650486931970224,-0.03562317926277356,-0.06453020887210252,-0.008627446048934583,,
1.350318999999672,-4.477725814305016,2.0216035647455017,-63.45324636761573,0.0025822749470454922,0.00010356871402102474,0.030070618751060065,-0.03686710545614907,-0.06370588489254905,-0.007981072270835353,,
1.359834999999748,-4.320653452929134,1.7844458983596478,-63.47118291766244,0.002067813899328865,0.0001492971830314611,0.02535769308592407,-0.03737256201077299,-0.06258588305812084,-0.009149463716075954,,
1.3692550000000665,-4.158320084625191,1.5348560041140147,-63.4972536534409,0.0,0.0,0.0,-0.03831960571277459,-0.06302012129540731,-0.010678398050143905,,
1.3788519999998243,-3.9873741460527508,1.2658873448864352,-63.5273169502544,0.0024365835599128773,0.00038101109366455756,0.03371863936520438,-0.03943446527082921,-0.06476334753545171,-0.011380328826327035,,
1.3882779999999002,-3.8060373501424207,0.9849796474652635,-63.55304975068297,0.0023940114583034505,0.0005070555167567009,0.035609481409996306,-0.039707196399377004,-0.06732494970905563,-0.01039411201095921,,
1.3978720000000067,-3.609312415255427,0.6906597735250999,-63.56561643071771,0.002109578440812324,0.0005896303542066975,0.03410614260947075,-0.040283427210159935,-0.07111104546562502,-0.007626948076908032,,
1.4073799999996481,-3.398725932055932,0.38913038970765523,-63.56127532481857,0.0018883048572528541,0.0006841102288520856,0.03359829121595034,-0.040761381263773024,-0.07410201455894175,-0.004074961994520268,,
1.4168809999996483,-3.185251387340607,0.09226033284706356,-63.54204632092886,0.0022652271242535704,0.0010467088935756767,0.044821173002029605,-0.040731372585373876,-0.07369481748455459,-0.0008907876945048105,,
1.4264039999998204,-2.9880177040746325,-0.19061101033740566,-63.513941046753295,0.0030448114089128226,0.0017673454356655393,0.06730934210062112,-0.040529640067337454,-0.0681224223272892,0.001087243128591979,,
1.4359089999998105,-2.8414701461764533,-0.4512305496819362,-63.48622588474816,0.0028186791153222888,0.0020127518832506915,0.0689177371915779,-0.04035886217570788,-0.055561313654787066,0.001138930039157003,,
1.445426999999654,-2.747006568297629,-0.6804296912542706,-63.462533988140144,0.0011886245793705358,0.0010129938827904334,0.031593191449728074,-0.039280181231530806,-0.04433427976153678,0.0003648662582454152,,
1.4549409999999625,-2.6547754751622095,-0.9167565438340913,-63.44100888461759,0.0008663396957647123,0.0008845714584026597,0.025239037561055364,-0.04052795216281878,-0.044242378645723314,7.1212577151826516e-06,,
1.464437000000089,-2.5573120005846928,-1.1725582302341981,-63.421019365040245,0.0,0.0,0.0,-0.04290441730915534,-0.0475457798834139,-0.0001929676274963943,,
1.4834609999998065,-2.2981389483199273,-1.6631318405490985,-63.39428805266996,0.000673202339864794,0.0012921104833616126,0.029405463099714015,-0.039694266549385605,-0.05854809044866659,-0.001720968815316228,,
1.4929729999998926,-2.1534454352792296,-1.903378736113474,-63.39008149553633,0.0005063212973125821,0.0012572300987859343,0.026999868379110833,-0.0385072905531974,-0.06188824740585073,-0.0027992518702926036,,
1.5024859999998625,-2.0027206600950036,-2.1238148994384307,-63.39272779985417,0.0004326222317997367,0.0014392619463317392,0.029475367988549727,-0.03433968593245372,-0.06314621392069097,-0.004016641666574125,,
1.511967999999797,-1.8613730559211104,-2.3350541133101106,-63.27058438058754,-0.025495364462584717,-0.012796945838115395,0.0009263065970291589,-0.03205121345062229,-0.06220363200756828,-0.005019722925754207,,
1.5214959999998428,-1.7260467256612697,-2.555918126419833,-63.17999586474112,-0.02865212981743918,-0.012650744182836677,0.03668663442008139,-0.030980050367182495,-0.061209184225104095,-0.005324569800842037,,
1.5310019999997166,-1.598158695028824,-2.7727472800425095,-63.21056455832554,-0.02838335074648863,-0.012207092901221746,0.03914509617770252,-0.029444878100916224,-0.05862324104557236,-0.005042686435659283,,
1.540508999999929,-1.4744758110497416,-2.9980784102747875,-63.21613299982919,-0.02520521478117916,-0.01268061282941909,0.0007252699959905859,-0.030025582781215945,-0.057409770194065464,-0.0044072978671637255,,
1.5500189999997929,-1.3435979419101227,-3.231082056863037,-63.21942758777532,0.012376585821994702,-0.021674248437603055,0.05620378161062194,-0.03144088727056159,-0.056316771185782974,-0.003780463352199657,,
1.5595299999999952,-1.2185142104631765,-3.452397290874001,-63.22208513705139,0.013517580068112956,-0.02425212745863888,0.05544011906405799,-0.030305742609647645,-0.05201820328291874,-0.003621320104463462,,
1.5690669999999045,-1.09287353463495,-3.6483003244775953,-63.22626188642261,0.015071041035040263,-0.026360220326248417,0.08497125436711311,-0.02714935861589792,-0.04612207354674479,-0.003836574155188,,
1.5785739999996622,-0.9982978710103898,-3.8169174879454486,-63.22951050567295,0.05086089681060245,-0.030003370754122134,0.06570183018566002,0.0,0.0,0.0,,
1.5880859999997483,-0.9595540943985144,-3.9240513729753905,-63.22475826928517,0.07287336706795572,-0.037742650185668726,0.06951264206129698,0.0,0.0,0.0,,
1.5975989999997182,-0.9858863666114903,-3.9701354420735995,-63.26090031944528,0.08006429341374982,-0.051365717433111795,0.004849080565031229,0.0,0.0,0.0,,
1.6070890000000873,-1.024764192500979,-3.9698358932278004,-63.24467283445834,0.07337172387583452,-0.04900144233067287,0.004549565493356643,0.0,0.0,0.0,,
1.6166020000000572,-1.0231786910180953,-3.948494777330037,-63.16189604864851,0.06263216845793756,-0.03731671087643966,0.003551166150565176,0.0,0.0,0.0,,
1.6261179999996784,-0.9696734638818003,-3.8920112453822546,-63.02859751269646,0.037425870776507233,-0.01216121337070715,0.028981058357759343,0.0,0.0,0.0,,
1.6356299999997646,-0.8718990891533517,-3.787969443192106,-62.88857840316103,0.0,0.0,0.0,0.0,0.0,0.0,,
1.645132999999987,-0.7479906074716728,-3.646335668189902,-62.76962492823737,-0.02102253389492818,0.04085214087980706,-0.0029278511106654577,0.0,0.0,0.0,,
1.6546429999998509,-0.6235071618923259,-3.475569108393008,-62.69367554312996,-0.06021980136117287,0.04033302953298523,-0.0034728117244478387,0.0,0.0,0.0,,
1.6641500000000633,-0.5175781915469635,-3.2837466321002275,-62.66723826537546,-0.08091069784211882,0.03325698677197815,0.05156492081954003,0.0,0.0,0.0,,
1.6736510000000635,-0.4429891950292952,-3.1018093094916863,-62.68346681667406,-0.08306305488289568,0.00749176733386882,0.06061913418267929,0.0,0.0,0.0,,
1.6831830000000991,-0.4063534324064085,-2.9512083227116346,-62.723744501269465,-0.06448781274417988,-0.030067093359312756,0.0548882939688037,0.0,0.0,0.0,,
1.6926829999997608,-0.4080457581683434,-2.8347963314975053,-62.767382590697885,-0.05312869459103697,-0.025096875183571402,0.04032711413495883,0.0,0.0,0.0,,
1.7021859999999833,-0.4341580930459072,-2.7555091926744733,-62.85825341897202,-0.016809249183753174,-0.040851141405313894,0.0432859065853675,0.0,0.0,0.0,,
1.7116949999999633,-0.46620575840133976,-2.7020395905013426,-62.85551737174743,0.010935662576990638,-0.02043577861302664,0.05124901922810965,0.0,0.0,0.0,,
1.7212169999997968,-0.4865831869628968,-2.6496678141011394,-62.87420565066909,0.029757192671892287,0.017538101787226555,0.04411088922975696,0.0,0.0,0.0,,
1.730721999999787,-0.4855420695521101,-2.5885574962745137,-62.90862283769737,0.04116702764153229,0.05008704211326991,-0.0016727939425381713,0.0,0.0,0.0,,
1.7402210000000196,-0.455982202066906,-2.5208723949147185,-62.97463113547264,0.039362694759187536,0.07403603845179041,-0.0026634710129773394,0.0,0.0,0.0,,
1.749735999999757,-0.38580368245770336,-2.4517292178040893,-63.07731219808435,0.02924744025284953,0.07042869393881354,-0.0025123747320895742,0.0,0.0,0.0,,
1.759248999999727,-0.2510171278711035,-2.3677312259181518,-63.205278017400275,0.02385356347295818,0.046691976343806924,0.03130343784501314,0.0,0.0,0.0,,
1.7687559999999394,-0.08843264377808595,-2.2716943686564806,-63.24507423361631,0.0,0.0,0.0,0.0,0.0,0.0,,
1.7782689999999093,0.07594483611293973,-2.2271276938110236,-63.23975660749697,0.016216156814590196,-0.032157960168975555,0.001400643827896481,0.024314286736922028,-0.037487565388323936,-0.024532491387924765,,
1.7877779999998893,0.23334574532170377,-2.215008707213387,-63.29479812755319,-0.012246130588586632,-0.07647051282792203,0.0022447425005854443,0.025160211361444203,-0.04126587187799914,-0.014787289299784064,,
1.7972890000000916,0.3518523586698728,-2.205035042350153,-63.29422151140372,-0.03623347076109363,-0.07786875869221295,0.038693070516290014,0.0,0.0,0.0,,
1.8067940000000817,0.4463549568395508,-2.2161593347580917,-63.251140226016396,-0.04501366491692401,-0.06499764490109766,0.055333350755438604,0.0,0.0,0.0,,
1.8162999999999556,0.5101313411333286,-2.2149404722293315,-63.19111927487502,-0.056124843874119486,-0.026041178042483865,0.053546433961544085,0.0,0.0,0.0,,
1.8258109999997032,0.554617127491048,-2.1707505040872253,-63.14163833858554,-0.04105496209294221,-0.020809787351272542,-0.0004452382885630875,0.0,0.0,0.0,,
1.8353219999999055,0.5999617095252785,-2.108573647979843,-63.123061227080726,-0.01903570430062367,0.03688272629493762,0.027682158321512065,0.0,0.0,0.0,,
1.8448359999997592,0.6519250804784079,-2.0288197339644887,-63.13828555463098,-0.017854840761942926,0.034303043256929705,0.036342959434069046,0.0,0.0,0.0,,
1.8543439999998554,0.7346070638952302,-1.927542436700227,-63.17506439980808,-0.013837736778253356,0.026086870250510364,0.04399626397412925,0.0,0.0,0.0,,
1.8638419999997495,0.8487719701204466,-1.8472570633505478,-63.21256175720477,0.0,0.0,0.0,0.0,0.0,0.0,,
1.873356000000058,1.0082906707589852,-1.7960400627949396,-63.22935866836813,0.03531175191596221,-0.01208979034332882,0.0012964595699588768,0.0,0.0,0.0,,
1.8828739999999016,1.2084778438082813,-1.7573039983942371,-63.28300875753401,0.037838965129119134,-0.018425520960447427,0.0015653783638533297,0.0,0.0,0.0,,
1.8923809999996593,1.4403096762510417,-1.7388482219825494,-63.27325389982346,0.013450095432308826,-0.026711467397062486,0.0009079044318577106,0.0,0.0,0.0,,
1.9015079999999216,1.6993040585288404,-1.7254620621738705,-63.224711325843465,-0.001380232616074839,0.00046582992509421994,0.03444644563501316,0.02026950089816674,-0.05287510153081836,0.005927784429109376,,
1.911403000000064,1.9775363692914647,-1.6940792453231823,-63.18918386527942,0.0,0.0,0.0,0.019990648749245953,-0.055049660921852185,0.003345562018616377,,
1.9208409999996547,2.1086463570396767,-1.6485485949725402,-63.18944766800508,0.0424676229076634,0.02887397004255017,0.22985736102094637,0.0,0.0,0.0,,
1.9303689999997005,1.9833229144138362,-1.4651388402914844,-63.228730128041015,0.03220047928587571,-0.01310700667655114,0.13198439550509738,0.0,0.0,0.0,,
1.9399339999999938,1.8248722719550934,-1.1937576993354355,-63.28439931291421,0.040877329902009645,0.022461674293870533,0.08095610391098262,0.023754914783128966,0.0506382993394674,-0.01731759931238278,,
1.9494359999998778,1.6257010290575942,-1.0389767770602456,-63.339786688219235,0.05804318649232191,-0.016301443494729742,-0.023398191484328257,0.00602237435230964,0.05143002151404509,-0.017306596081921425,,
1.958943999999974,1.461170163584344,-0.9206385693666976,-63.36967414605366,0.056511085317355964,-0.027426385971165413,0.02850646466202422,0.0,0.0,0.0,,
1.968449999999848,1.3616397105829772,-0.7314129041062231,-63.36770129643015,0.0345791902716996,0.017353489149511334,0.0009195537286669207,0.0,0.0,0.0,,
1.97796900000003,1.2942713895820193,-0.591989664883603,-63.34788414728969,0.0,0.0,0.0,0.0,0.0,0.0,,
1.9874789999998939,1.2764883463863799,-0.44083227407591125,-63.32565467520048,-0.001161464265343861,-0.00015549261486122882,0.04970796691187621,0.0,0.0,0.0,,
1.9969849999997678,1.2179643245816596,-0.15131106575514144,-63.31977962283549,-0.026289797364119558,0.049710804053874715,0.05488065254407851,0.0,0.0,0.0,,
2.0064729999999145,1.1599671728546386,0.11598926568805365,-63.348935456288714,-0.04378408053845942,0.02238342764399569,0.026943986847273997,0.0,0.0,0.0,,
2.0159759999996822,1.08280868412788,0.32991638355313296,-63.41519591568912,-0.0390002860091926,-0.019933437023583134,0.06468188349658226,0.0,0.0,0.0,,
2.0254899999999907,0.9796708171350821,0.5752314166010399,-63.50950916566294,-0.0487130877487689,-0.02426691680838267,-0.000930592111394791,0.0,0.0,0.0,,
2.0350079999998343,0.8852767610294002,0.7505395500530448,-63.62407559488538,-0.03832481619405898,-0.018994872015164355,-0.0006608933873967166,0.0,0.0,0.0,,
2.0445150000000467,0.759205123857899,0.8550497302050033,-63.7552569250999,-0.038962173626923134,-0.01970118277336695,0.029544003119002397,0.0,0.0,0.0,,
2.0540219999998044,0.6534852339093202,1.0174835716099426,-63.901502639011134,-0.011221130627990584,0.02137233133281676,0.059616734767027356,0.0,0.0,0.0,,
2.0635349999997743,0.5405033051928744,1.17779430197179,-64.14633606639829,-0.02229067525564382,0.044983401005833396,0.04805567501504793,0.0,0.0,0.0,,
2.0730499999999665,0.4363996654784723,1.3243112738435097,-64.42806910593579,-0.01809110657081131,0.03693749617559129,0.05021473115078091,0.0,0.0,0.0,,
2.082550000000083,0.3508862542419695,1.5396779036079329,-64.7091257099414,0.014875240239424546,0.061132373905221735,0.03138444048282417,0.010500204138238569,0.026232314168859402,-0.05106960242882747,,
2.092063000000053,0.27160625268630717,1.7420326668494857,-64.99988626245178,0.02613878056940941,0.04242817287033939,0.0010309125423555575,0.012656235769323948,0.026453898635561288,-0.055842877648967705,,
2.101572000000033,0.22322590465345843,1.8938675568752088,-65.29472319927312,0.038722295680904996,0.016522367342161073,0.03550271676644842,0.015640910153661848,0.020733644645712177,-0.05749186025286723,,
2.1110799999996743,0.18785862506734977,2.054746991995622,-65.54575928869126,0.04256485694334118,-0.021353540069012047,-0.001231440923578026,0.023022201200345364,0.018369135736701264,-0.055508411071242277,,
2.1205939999999828,0.1740976270081327,2.1805742239702326,-65.77350431971675,0.018805425100074637,-0.04179226926661603,-0.001744987126856647,0.021481886056705327,0.00945649705890593,-0.0510006940246603,,
2.1300959999998668,0.17057512231434838,2.2629071393785556,-65.97214048570099,0.02201542915813239,-0.04965016644952632,0.03444654133654379,0.0,0.0,0.0,,
2.1396139999997104,0.16520485573178417,2.376855172562538,-66.14305929120536,0.00041799605818092694,-0.0011559741208092536,0.029543050837197143,0.0,0.0,0.0,,
2.149112000000059,0.16203678471603342,2.5045155513641957,-66.29800294814,-0.03053340264043491,-0.014768993246035452,0.028564304333930538,0.0,0.0,0.0,,
2.1586269999997967,0.14216202290854016,2.633143459401776,-66.45091182486378,-0.03969561315242954,-0.019177980788318942,0.03742233281030309,0.0,0.0,0.0,,
2.1681369999996605,0.10520593678125378,2.8088410795857484,-66.6120630580368,-0.05976716480342442,0.022170948704785677,0.033486819877067926,0.0,0.0,0.0,,
2.1776519999998527,0.04366224545604276,2.991870137257457,-66.78785792717457,-0.056514234623014525,0.028247960897305364,0.04041728301772941,0.0,0.0,0.0,,
2.187159000000065,-0.041684383150432394,3.1470395503687087,-66.97879604186903,-0.03989869296706532,0.011617672312596824,0.05054392379274462,0.0,0.0,0.0,,
2.1966699999998127,-0.13518358712210557,3.29915803812946,-67.17642729714692,0.0010546870894538917,-0.002244244995448867,0.0429810223755462,0.0,0.0,0.0,,
2.2061730000000352,-0.22703460135254516,3.4132941134747234,-67.4486455078091,0.0007042353577925097,-0.0014212236282282365,0.02653475792159553,0.0,0.0,0.0,,
2.215678999999909,-0.29597395348146854,3.4779772476122073,-67.67997903762587,0.0,0.0,0.0,0.0,0.0,0.0,,
2.225199999999859,-0.32864248499918536,3.531489243583093,-67.91668699363699,0.024972298875112955,0.010142004853441612,-0.00015430889788698978,0.0,0.0,0.0,,
2.234693999999763,-0.32420682376486903,3.568114678104029,-68.00610702345128,0.026725919378091816,0.010805607580158832,-0.00016280634861478104,0.0,0.0,0.0,,
2.2442080000000715,-0.2848379172428597,3.587542834958331,-68.04516520408401,0.023382408192807232,0.00943412904029822,-0.00012510265606770592,0.0,0.0,0.0,,
2.253715999999713,-0.2291578011179777,3.6263893154095523,-68.1735578180145,0.0007765319220086856,-0.001632086406337097,0.028461405725081358,0.0,0.0,0.0,,
2.263231999999789,-0.17212081210803942,3.66919728538414,-68.28270597018378,0.0008981791695212274,-0.0019795756140751825,0.03386107329095769,0.0,0.0,0.0,,
2.2727350000000115,-0.13045483035377411,3.7015536776551676,-68.37503339064298,0.0009937793948647904,-0.0022698286898204263,0.038277021362695424,0.0,0.0,0.0,,
2.282245999999759,-0.1139437667463397,3.7351152742374807,-68.45247528869469,0.0010588117226618785,-0.002458994878522121,0.040991290137381266,0.0,0.0,0.0,,
2.2917569999999614,-0.12700427046068283,3.7546190813006306,-68.52005654891897,-0.02436215290427889,-0.012431738375399001,0.04034287771337296,0.0,0.0,0.0,,
2.3012690000000475,-0.16926606898417365,3.7492563801035472,-68.54969961870378,-0.024513027201147397,-0.01261013982393774,0.042307560288792116,0.0,0.0,0.0,,
2.3107749999999214,-0.2251475496325416,3.735044948545499,-68.57629379629005,0.0009603854568228715,-0.002071267163949675,0.03490959409663891,0.0,0.0,0.0,,
2.320275000000038,-0.2867047596423559,3.7081890634989465,-68.58881106167048,0.0008916577262050215,-0.001841576077648921,0.031476107577811066,0.0,0.0,0.0,,
2.3298009999998612,-0.3420029955281451,3.6691132869390075,-68.65489898024262,0.0009089551577445747,-0.0018092999552315578,0.0314387808938485,0.0,0.0,0.0,,
2.3392919999996593,-0.3800037078507305,3.638545517393511,-68.62670741902862,0.0008365109886347785,-0.0016179640878811292,0.028487926833956064,0.0,0.0,0.0,,
2.3488099999999577,-0.3971345215991176,3.6173802478174077,-68.56251426352105,0.0,0.0,0.0,0.0,0.0,0.0,,
2.3583199999998214,-0.3881029812591062,3.6005270380847234,-68.60471540865959,0.0007472521466239138,-0.0014323076876443328,0.02552605692707002,0.0,0.0,0.0,,
2.3678239999999278,-0.35763902290216276,3.600543217496698,-68.62589432707338,0.0008250037095878382,-0.0016156441675902417,0.02868847123532973,0.0,0.0,0.0,,
2.3773309999996854,-0.3152379206451818,3.6062003687374093,-68.6444686460526,0.0009356907547286145,-0.0018886842087114243,0.03331688265062961,0.0,0.0,0.0,,
2.3868529999999737,-0.2697378613825251,3.6074096527658903,-68.67187511017097,0.0010433569690204091,-0.00217695109238529,0.03818470335322652,0.0,0.0,0.0,,
2.396367999999711,-0.23089177309477113,3.6083063627099214,-68.68715813335199,0.0009927873087789175,-0.0021313131371421064,0.037208732449737936,0.0,0.0,0.0,,
2.4058609999997316,-0.20614379077251513,3.605835656783585,-68.73779958798205,0.0008603067068395333,-0.001884598791524605,0.03282124768516167,0.0,0.0,0.0,,
2.4153849999997874,-0.19740922541618403,3.5968993551864115,-68.80592983947452,0.0009270894702060396,-0.002049691459168027,0.035733529658578525,0.0,0.0,0.0,,
2.4248939999997674,-0.2039981337974513,3.5935797533054847,-68.86701142227206,0.0009279141339942145,-0.0020470782009214634,0.03573043304364299,0.0,0.0,0.0,,
2.4344139999998333,-0.21916627419069218,3.5933140355655944,-68.89365351490507,0.0009548933414530421,-0.002085768658093619,0.03646162308888807,0.0,0.0,0.0,,
2.443905000000086,-0.2364643513635435,3.595784567352777,-68.91017226978015,0.0009652484152736167,-0.0020837568892664838,0.03646528771109179,0.0,0.0,0.0,,
2.453418000000056,-0.24883525299000314,3.6045583068822724,-68.90972712365192,0.0009684057596138294,-0.0020727884985969054,0.03623189571313537,0.0,0.0,0.0,,
2.4629339999996773,-0.2555978976935757,3.6191122117624057,-68.89235714414512,0.0008914852104633288,-0.001898791051744176,0.03308220974796981,0.0,0.0,0.0,,
2.4724449999998797,-0.25097564760562946,3.634197032843844,-68.86260835038553,0.0008146687421856172,-0.0017398744492038009,0.03017586567059529,0.0,0.0,0.0,,
2.481858999999986,-0.23478765993165465,3.6488409684869896,-68.82924881906119,0.0007389595720509314,-0.0015952372492952821,0.027511866995239113,0.0,0.0,0.0,,
2.491447999999764,-0.21159293919000846,3.6602140526328206,-68.80365095234608,0.0007703696407026895,-0.0016898642724177274,0.028983638377810147,0.0,0.0,0.0,,
2.50096399999984,-0.1875827799618781,3.66767869872876,-68.79474879992662,0.0009014239431545953,-0.0020118519259038855,0.03434731003839305,0.0,0.0,0.0,,
2.5104809999997997,-0.16791438019646956,3.6723564008560463,-68.80466020201125,0.0009164505408612426,-0.002076389285771991,0.035325288751360207,0.0,0.0,0.0,,
2.519984000000022,-0.15486848222200678,3.6759071004929678,-68.83021482164511,0.000871297165538426,-0.0019958462207036965,0.03386745034155281,0.0,0.0,0.0,,
2.5294919999996637,-0.15008150984737076,3.676866982577411,-68.8621230711784,0.0008365746646605046,-0.0019261156333639246,0.03265084118221017,0.0,0.0,0.0,,
2.5389940000000024,-0.150477471517724,3.6785195133508855,-68.88702584337412,0.0008550419548318275,-0.0019704967318342295,0.033382999032348606,0.0,0.0,0.0,,
2.548507999999856,-0.15428478463934348,3.6802694281511616,-68.89484908626237,0.0008385124397753278,-0.001927769117352321,0.032654635943137285,0.0,0.0,0.0,,
2.558024999999816,-0.1565702858664899,3.68344190639315,-68.87933762033019,0.0008221870738444407,-0.0018858291434071743,0.03192771414192421,0.0,0.0,0.0,,
2.5675249999999323,-0.15588087274917156,3.688738003730754,-68.84368588357519,0.0008179362966298986,-0.0018741621813856027,0.031690017666564305,0.0,0.0,0.0,,
2.577041999999892,-0.15128275660206658,3.696765993412259,-68.85995896316615,0.0009486223542445914,-0.0021832366907445964,0.03681183442186968,0.0,0.0,0.0,,
2.5865539999999783,-0.14743360241640982,3.7056956527583407,-68.84949597805584,0.0010431659036358807,-0.0024071040170413806,0.04047352368837769,0.0,0.0,0.0,,
2.5960620000000745,-0.14608737613849576,3.715318212034552,-68.88308427116858,0.0009745543007251986,-0.002255276982547293,0.037805681909053895,0.0,0.0,0.0,,
2.605569999999716,-0.15078268508331394,3.722988278829039,-68.98047998741251,0.0007871955817405202,-0.0018243063428919233,0.030509752940798242,0.0,0.0,0.0,,
2.615092000000004,-0.16074663592915114,3.7302749547910876,-69.08054737454236,0.0007085847340134088,-0.0016383299847012004,0.027352802937524987,0.0,0.0,0.0,,
2.624591999999666,-0.17353137356794934,3.7358094276721894,-69.19567155159812,0.0007311405063192101,-0.0016842611784943953,0.02809001748637059,0.0,0.0,0.0,,
2.6341010000001006,-0.1842896240831756,3.7444360226440874,-69.26450008809279,0.0008314672618473571,-0.001907220372411897,0.031752383674609475,0.0,0.0,0.0,,
2.6436039999998684,-0.19010033136175078,3.7524171288225148,-69.29317272132135,0.0008929726786896075,-0.0020430513536159023,0.03395271516507787,0.0,0.0,0.0,,
2.6531119999999646,-0.19049037698457577,3.760130757102123,-69.2966128507785,0.0009205768589363952,-0.002106552458755286,0.034935076897061906,0.0,0.0,0.0,,
2.6626240000000507,-0.1884039364586109,3.7717144005676286,-69.27806865277965,0.0009807796281413614,-0.0022466626303332448,0.03713900588785187,0.0,0.0,0.0,,
2.672037999999702,-0.18731361617075687,3.7862099976369903,-69.24935704325497,0.0009140140374356333,-0.002093591953541862,0.0344769156539786,0.0,0.0,0.0,,
2.6816469999998844,-0.1934114319964802,3.80305303838153,-69.22386995543299,0.0007532230711683298,-0.0017167323351842127,0.028165843002670228,0.0,0.0,0.0,,
2.6911599999998543,-0.2101291544984775,3.819319506998061,-69.21303494328573,0.0007910464196586649,-0.001781872647481456,0.02915911574568899,0.0,0.0,0.0,,
2.7006609999998545,-0.23488264714411328,3.833418886330065,-69.22008525509507,0.0009065117333477324,-0.0020087468961501637,0.03282835084137372,0.0,0.0,0.0,,
2.7101689999999508,-0.2667420698371746,3.8410137163812124,-69.2431905187118,0.0010891845224025604,-0.002364536593786626,0.038682038744814455,0.0,0.0,0.0,,
2.7196819999999207,-0.29884641781240623,3.838776907869853,-69.2096215693342,0.0011313076053938757,-0.0023992362753759654,0.03941250443665771,0.0,0.0,0.0,,
2.7291889999996783,-0.3224347577966189,3.8214118177209166,-69.19809157051719,0.0011351683401092686,-0.0023662605015443597,0.03915178085527872,0.0,0.0,0.0,,
2.7386969999997746,-0.33522082820707894,3.791612262062624,-69.24365037201352,0.0010980323542026558,-0.002270122257353812,0.037902662330334104,0.0,0.0,0.0,,
2.7482089999998607,-0.33913275462875214,3.7573155017152726,-69.16952874408614,0.0008971999680137402,-0.0018402080463621447,0.03104798825701334,0.0,0.0,0.0,,
2.7577069999997548,-0.3392473676008571,3.727135188724132,-69.10720275501706,0.0007523197953152659,-0.0015358594697169878,0.026145194318668838,0.0,0.0,0.0,,
2.7672279999997045,-0.34290410605838956,3.7034319284415287,-69.15662553242068,-0.011977319063274183,0.03145875401620267,0.0021788285706922997,0.0,0.0,0.0,,
2.7767289999997047,-0.35380308537631033,3.682541149353841,-69.2091012717743,-0.012250547505717808,0.03226523217842321,0.0022212709266759443,0.0,0.0,0.0,,
2.795759000000089,-0.43109154806339434,3.6266111498493694,-69.29730387661044,0.0020800089074777205,-0.003998012213133923,0.07060750933123097,0.0,0.0,0.0,,
2.8052739999998266,-0.4884448160264122,3.5694662155311834,-69.33217045146051,0.0021904102215665436,-0.004040127090245412,0.07299203425809139,0.0,0.0,0.0,,
2.814781999999923,-0.543304492191432,3.4764308398976125,-69.34347721305157,0.014317885426693813,-0.03674943435530463,0.04340375062095033,0.0,0.0,0.0,,
2.8242929999996704,-0.5891334991690557,3.355233150569933,-69.32579141031597,0.014008227118168392,-0.03712222586955704,-0.0023261583998967147,0.0,0.0,0.0,,
2.833802999999989,-0.6236109013830947,3.232617926090908,-69.28321147615922,0.009404888382909617,-0.024867276008658287,-0.001501590166691428,0.0,0.0,0.0,,
2.843303999999989,-0.6456597950542643,3.133404738001215,-69.22660249347537,0.0,0.0,0.0,0.0,0.0,0.0,,
2.8528080000000955,-0.6619938534510266,3.066482621832665,-69.16901117117908,0.0012062672262296806,-0.0018561230025238773,0.04039019520345182,0.0,0.0,0.0,,
2.862325999999939,-0.6768795398260394,3.0364802248521108,-69.1192799717426,0.0013043089306690842,-0.0019740631490453896,0.043533747008439004,0.0,0.0,0.0,,
2.871831999999813,-0.69322261556662,3.026827365472499,-69.0813876535352,0.001240866724579228,-0.0018518514390582104,0.04109199892026156,0.0,0.0,0.0,,
2.8813459999996667,-0.7108902200231414,3.01742030508292,-69.0576882578366,0.0012286683956672009,-0.0018075400857057865,0.04035644542104877,0.0,0.0,0.0,,
2.8908630000000812,-0.7335946474301713,3.006984598633557,-69.05143752605402,0.0010162467884313655,-0.0014695306704712683,0.03304273863377603,0.0,0.0,0.0,,
2.900366999999733,-0.7490298366601397,2.992171652479487,-69.07101270239309,0.0,0.0,0.0,0.0,0.0,0.0,,
2.909866999999849,-0.7466769998041848,2.9622606177520185,-69.12210392287109,0.0,0.0,0.0,0.0,0.0,0.0,,
2.9193829999999252,-0.7423751890761873,2.918596599435877,-69.19972640347503,0.0009525257315631039,-0.001356409047157397,0.031505588002377904,0.0,0.0,0.0,,
2.928892999999789,-0.7403176618086201,2.868808230961948,-69.28380668352611,0.0017016422207207708,-0.002412886057554436,0.05704849901815761,0.0,0.0,0.0,,
2.9384079999999813,-0.7562496522201424,2.811287116113043,-69.34767410180632,0.0012147973308810284,-0.0016896143866040136,0.04092179851723062,0.0,0.0,0.0,,
2.947910999999749,-0.7875704968013353,2.7406315639605956,-69.36551924327523,0.0013101347325766767,-0.0017593326872955683,0.0440397884965765,0.0,0.0,0.0,,
2.9574039999997694,-0.8438710831302639,2.6612954155434836,-69.32916222590849,0.001056345109605074,-0.0013389438635306432,0.03497360720241135,0.0,0.0,0.0,,
2.9669229999999516,-0.9226060679169842,2.5872708002582816,-69.25327925719796,0.034559380401065196,0.010782716629296933,0.04777274692222038,0.0,0.0,0.0,,
2.976445999999669,-1.0071941239854332,2.5154205602769086,-69.17053027336674,0.038105543246473104,0.04009574615848676,0.034181550474183725,0.0,0.0,0.0,,
2.9859409999999116,-1.0866389427276535,2.4334393720425664,-69.11837597334598,0.043774332504280374,0.045180406825560154,4.8653870169021105e-05,0.0,0.0,0.0,,
2.995086999999785,-1.1694661264775372,2.334929370178086,-69.12218939818997,0.03415099732229793,0.042294080239610204,0.00015518213394719938,0.0,0.0,0.0,,
3.004965000000084,-1.244313741246593,2.1989428475223702,-69.18613203280157,-0.011585989068544474,0.03047810717962241,0.0012519930436685608,-0.04830887564934173,-0.004525750926863899,-0.017424048961575084,,
3.014476999999715,-1.271873441689672,1.9926022365779472,-69.29132315313237,-0.012889780501288741,0.034096197431680825,0.0012681952332380991,-0.05551344323664414,-0.02700160529948878,-0.026032382042706356,,
3.0239870000000337,-1.217223403258618,1.7168498553995828,-69.4057720543992,-0.06938005779544193,0.00989395941559203,0.0023156952490659094,-0.05884300979031527,-0.0549479478992422,-0.028403597275688055,,
3.0335049999998773,-1.093809332215476,1.4141983180154691,-69.49465459911511,-0.09780631765621443,0.0013810710142987991,0.031334964399365235,-0.057345537696356905,-0.07574799544834197,-0.023583027304534404,,
3.0430059999998775,-0.958503630162944,1.100972789263082,-69.5326995568558,-0.11316088588838219,-0.00341049211370556,0.0024930520955257756,-0.05744108151862599,-0.0821847859536742,-0.013306300424263194,,
3.052523999999721,-0.8604249317409219,0.7702015867269306,-69.5119498644693,-0.10833578935231998,-0.00585427805418495,0.03602918357035196,-0.06284350575092781,-0.0750969071164414,-0.0012366340958463236,,
3.0620229999999538,-0.830320039994294,0.41396187348304186,-69.44586636269257,-0.08759733295391889,-0.005464486592767234,0.04439459581443283,-0.07241767706943261,-0.059659391229781734,0.008128600374482002,,
3.0715369999998074,-0.8462002323873483,0.021943051605950625,-69.36669891692435,-0.03682245141712108,-0.013886697399243158,0.05282404701964239,-0.08387906089106492,-0.04411611320739431,0.010845001416161425,,
3.08103600000004,-0.9026797764193916,-0.4055148875765058,-69.31723068115024,0.0006547683331770877,0.0006518511108622882,0.05348915675309437,-0.09709765252888905,-0.028929613231033203,0.0048724176674508415,,
3.0905619999998635,-0.9740046784958484,-0.8867131467712206,-69.33289039552405,0.054907025969409225,0.021363962988584638,0.0394357229342617,-0.11233092329046174,-0.02086269297075939,-0.008260932238340832,,
3.1000589999998738,-1.0166692130096682,-1.426568181887662,-69.43171675778788,0.09381605513014088,0.03667192845229675,0.055191831059896626,-0.12370325810601203,-0.022028206182086514,-0.02490077640848177,,
3.10956299999998,-1.0356842831110369,-1.9849728586390083,-69.60448182746832,0.09767698799893144,0.03801252832565969,0.045853196697680274,-0.124569678399904,-0.026018772853943942,-0.039583175104452466,,
3.11907199999996,-0.9873471696776923,-2.5435981433644894,-69.81005160096204,0.08971951309214758,0.0349828548827003,0.04205152833051999,-0.11332052465846512,-0.03771906407772871,-0.04558956491121734,,
3.128585999999814,-0.9191027950451659,-3.0811321717832474,-69.98532267371812,0.08137595787217236,-0.05241853639364882,0.03695768569585754,-0.09405357838270254,-0.043033849791080284,-0.03913316848742033,,
3.13809399999991,-0.8240007383909408,-3.5594357508021295,-70.05745864381372,0.051152266434644274,-0.13974518976023584,0.03858304681996474,-0.06400174624686485,-0.04670489604839457,-0.017956222403482686,,
3.1475430000000415,-0.7424099220261665,-3.7136910657775175,-69.96920653469176,0.11975556515572323,-0.22829566004425036,0.10382606752404042,-0.032316935694777116,-0.03653066400874751,0.014082988505611429,,
3.157114999999976,-0.8257879921785346,-3.969960070162722,-69.76431450561319,0.1098903846365352,-0.29810025198136153,0.02204906645026407,0.0016757857505171423,0.006020336331830835,0.04994961944305452,,
