timestamp,Roll,Pitch,Yaw,Acc X,Acc Y,Acc Z,Gyro X,Gyro Y,Gyro Z,Acc Magnitude,Gyro Magnitude
0.0,14.01291033714955,5.170328113078091,-12.080890619319463,0.032530855387449265,0.03212980926036835,0.03044503927230835,,,,,
0.009382000000016433,14.072127147906814,5.0837343159172885,-12.251936903939113,0,0,0.03959172964096069,,,,,
0.01871700000000942,14.084319268212585,5.003801813892452,-12.411476637248029,0,0,0.05489635467529297,,,,,
0.03748600000000124,14.00787950996668,4.8060921470907285,-12.639130774115266,0.039129942655563354,0,0.07331949472427368,,,,,
0.04688200000001075,13.933962497787652,4.70275405330762,-12.698890029270455,0.04026058688759804,0,0.07432812452316284,,,,,
0.0656500000000051,13.710995706045553,4.571359461184284,-12.786300895718693,0,0,0.09469342231750488,,,,,
0.07502600000000825,13.575604205336617,4.5620243743123,-12.830532432532634,0,0,0.08680516481399536,,,,,
0.08440800000002469,13.450622114472617,4.593921038688538,-12.892122813820782,0,0,0.0643804669380188,,,,,
0.11256200000002536,13.333050894874441,4.758599890121105,-13.163045727730363,0,0,0,,,,,
0.12199300000000335,13.356478774586053,4.774955455088748,-13.320487016876246,0,-0.029146209359169006,0,,,,,
0.13132699999999886,13.380721480783825,4.75904934468297,-13.496253447634208,0,-0.05274181067943573,0,,,,,
0.15952900000002046,13.280408864390475,4.620328895461652,-13.908984829300094,0,-0.10501350462436676,0.09179192781448364,,,,,
0.16887600000001157,13.146574417690793,4.578023476629466,-13.947515919889304,0,-0.1076403483748436,0.09364205598831177,,,,,
0.20646800000000098,12.439896218602884,4.4741609211663205,-13.76632245889274,0,0,0,,,,,
0.21580000000000155,12.369353131737771,4.4725018542699475,-13.721307576726243,0,0.025076106190681458,0,,,,,
0.2252160000000174,12.36706589496095,4.4895479499911985,-13.667920169756185,-0.037380531430244446,0.038051947951316833,0,,,,,
0.24394399999999905,12.492958127368148,4.5389802069869,-13.691300398681385,0,0,-0.028493881225585938,,,,,
0.25336300000000733,12.572849675369646,4.5464325266186805,-13.747989583875663,0,-0.026915118098258972,0,,,,,
0.2627120000000218,12.632975074672732,4.533097733818457,-13.800410657067882,0,-0.051607996225357056,0,,,,,
0.29091600000000994,12.62377989997667,4.367997392187754,-13.783081132823211,0,-0.03417670726776123,0.04692697525024414,,,,,
0.3002620000000036,12.567285288626909,4.315353779668103,-13.717191913579061,0,0,0.045668721199035645,,,,,
0.30965000000000487,12.508398241199684,4.278220569977096,-13.64181954982839,0,0,0.03710287809371948,,,,,
0.3284110000000169,12.449482057850759,4.259127682268248,-13.501653786130662,0,0.043661341071128845,0,,,,,
0.3377880000000175,12.460813064399142,4.279704806552827,-13.460907498038116,0,0.043718546628952026,0,,,,,
0.3471760000000188,12.495603610366631,4.311199977135657,-13.445815713858197,0,0.04142826795578003,0,,,,,
0.35660500000000184,12.539991808886505,4.34608702871378,-13.516439513248626,0,0.029704123735427856,0,,,,,
0.3659940000000006,12.57723962464844,4.374908894835644,-13.594499375953895,0,0,0,,,,,
0.37538000000000693,12.602261875552118,4.404463601859971,-13.643420016229433,0,0,0,,,,,
0.3940890000000081,12.606720663289275,4.484852810244456,-13.706751094793432,0,0,0,,,,,
0.4222400000000164,12.554726733535837,4.576532794412212,-13.731575272962555,-0.040991127490997314,0,0,,,,,
0.43161600000001954,12.547542811547054,4.604373034604984,-13.74387401455569,-0.04416678845882416,0,0,,,,,
0.44101600000001895,12.546695220353673,4.6271424493205355,-13.74310069019811,-0.036694690585136414,0,0,,,,,
0.45039100000002463,12.557386448727907,4.645323867668454,-13.743939635631477,0,0,0,,,,,
0.4785460000000228,12.626420624361588,4.675718926362992,-13.726719968758173,0,0,-0.027313828468322754,,,,,
0.4879329999999982,12.652425507977567,4.661257787149237,-13.725004529144899,0,0,-0.029674887657165527,,,,,
0.4973160000000121,12.68527171445622,4.643135996160802,-13.782762863778958,0,0,-0.03128254413604736,,,,,
0.5254610000000071,12.787057944096645,4.563183165954741,-13.808662626944272,0,-0.026885852217674255,-0.06272149085998535,,,,,
0.534844000000021,12.783568612129963,4.533397915441455,-13.773071073791805,0,0,-0.09449511766433716,,,,,
0.5441830000000039,12.75201500672785,4.51928851897968,-13.735676194903212,0,0,-0.12806326150894165,,,,,
0.5629330000000152,12.648795452974635,4.502694558435436,-13.676756691450851,0,0,-0.19167637825012207,,,,,
0.572291000000007,12.612167474023737,4.500280978377872,-13.64390851154392,0,0,-0.22134298086166382,,,,,
0.5816740000000209,12.600479376491243,4.513297611344007,-13.61611852880655,-0.03574726730585098,0,-0.2526019215583801,,,,,
0.609833000000009,12.70102180418314,4.702018739902308,-13.619179188568415,0,-0.033922985196113586,-0.35688066482543945,,,,,
0.6192170000000203,12.753259304051824,4.782584983442743,-13.620893667994762,0,-0.051375612616539,-0.38365113735198975,,,,,
0.6286060000000191,12.79640030621522,4.862192346604468,-13.608610864746538,0,-0.05330149829387665,-0.3775153160095215,,,,,
0.6379830000000197,12.782686355424843,4.932618901432459,-13.573243856952953,-0.04309374839067459,-0.038893744349479675,-0.3552618622779846,,,,,
0.6567569999999989,12.442087097346079,4.9731662258469935,-13.380526553186545,-0.09558074176311493,0,-0.39211928844451904,,,,,
0.6661470000000236,12.128267607005029,4.921527183305205,-13.319747002258632,-0.11917063593864441,0.03467820584774017,-0.4499642848968506,,,,,
0.6942980000000034,11.27587529512676,4.5904059373601624,-13.394481832240944,-0.08662177622318268,0,-0.5534803867340088,,,,,
0.7318500000000085,11.063681744404878,3.904878059013682,-13.835106250946408,-0.07098130881786346,-0.031874194741249084,-0.285689115524292,,,,,
0.7412160000000085,10.975022453488524,3.6998925876188076,-13.91306138564616,-0.08065101504325867,-0.026256054639816284,-0.2862170934677124,,,,,
0.7506010000000174,10.867144720960217,3.486499692263971,-13.992998098435555,-0.08241601288318634,0,-0.3314542770385742,,,,,
0.7599820000000079,10.761426968262365,3.26448094803769,-14.091656903099617,-0.0674961656332016,0,-0.3720399737358093,,,,,
0.7787610000000029,10.633117086776922,2.831635232801667,-14.394566992287922,0.051352109760046005,-0.07937003672122955,-0.33136969804763794,,,,,
0.7880440000000135,10.6022819047978,2.631373949732219,-14.59287733085536,0.06420893967151642,-0.10058833658695221,-0.25867652893066406,,,,,
0.7975250000000074,10.555444924307476,2.451880473196553,-14.790958028664202,0.05766333267092705,-0.10591107606887817,-0.1494070291519165,,,,,
0.8163110000000131,10.186621592980877,2.1943949647868872,-15.1083261879113,0,-0.1069372147321701,0,,,,,
0.8256920000000036,9.79784303014297,2.1002108019179246,-15.19432036699822,0,-0.10197824239730835,0,,,,,
0.835076000000015,9.308760558345595,1.9921655169029882,-15.260478066151249,-0.031361956149339676,-0.10114126652479172,-0.07489514350891113,,,,,
0.853841000000017,8.388342560406729,1.6418248999763665,-15.45295629987132,0,-0.11556252837181091,-0.1353844404220581,,,,,
0.8632290000000182,8.120814292640533,1.3955211660200806,-15.584953154860028,0.04240947216749191,-0.12364775687456131,-0.08834338188171387,,,,,
0.872618000000017,7.998393882412761,1.1270295501696805,-15.717184348027727,0.08213265240192413,-0.12813524901866913,0,,,,,
0.8820820000000253,7.827152520374007,0.7608752638266385,-15.838840848614606,0.09770307689905167,-0.12567797303199768,0.1034994125366211,,,,,
0.9007780000000025,7.594977722726867,0.3158407479961042,-16.0166790939344,0.049920305609703064,-0.07750846445560455,0.2522115111351013,,,,,
0.9101530000000082,7.253257218912488,0.12450209800403753,-16.062781492302904,0.03511291742324829,-0.06134817749261856,0.2372761368751526,,,,,
0.9195380000000171,6.775056272633723,-0.07539651509257729,-16.110509977334512,0.03796811401844025,-0.055016860365867615,0.18940746784210205,,,,,
0.9383200000000045,5.689522321993743,-0.5762804791930106,-16.2673158304858,0.10877040773630142,-0.06472650170326233,0.11395633220672607,,,,,
0.9570520000000045,4.856160830658607,-1.2837701348359292,-16.44164330134486,0.1320483684539795,-0.06193937733769417,0.2401876449584961,,,,,
0.9664400000000057,4.533060762029087,-1.6634905954400565,-16.520278047319987,0.1027313619852066,-0.03776320815086365,0.3538440465927124,,,,,
0.975830000000002,4.192373866372945,-1.9997588602227765,-16.567668998430992,0.06148551404476166,0,0.44654297828674316,,,,,
1.0039739999999995,2.7705632455249165,-2.5466209971838443,-16.70059784738807,0.04511674866080284,0,0.388319194316864,,,,,
1.0133620000000008,2.2517793605400813,-2.6432012999892662,-16.775896435020915,0.07978886365890503,0,0.32480311393737793,,,,,
1.022753000000023,1.8084815257316553,-2.768634008987402,-16.83296304004307,0.10249015688896179,0,0.2977926731109619,,,,,
1.0321399999999983,1.4769680344377794,-2.9412050303757695,-16.862893267255462,0.10973002761602402,0,0.307780921459198,,,,,
1.0415250000000071,1.2572511092374363,-3.150617381716393,-16.868527471043897,0.11242435872554779,0.029088269919157028,0.3583917021751404,,,,,
1.069675000000018,0.806246732000833,-3.655693799122761,-16.87001929815567,0.03652488440275192,0.10380975902080536,0.5056614875793457,,,,,
1.0790630000000192,0.5450669088422045,-3.7064679435667576,-16.90416424362761,0.03564056009054184,0.08932705223560333,0.4924886226654053,,,,,
1.0884580000000028,0.2010223721768613,-3.716570214508613,-16.956865406696984,0.04571262001991272,0.06652696430683136,0.446833074092865,,,,,
1.0978290000000186,-0.17077300637129755,-3.7177988425994988,-17.027273329002814,0.07082322239875793,0.04982220381498337,0.4073047637939453,,,,,
1.1072130000000016,-0.49369747393851193,-3.7280163202824856,-17.10157348544901,0.07552526146173477,0.04641810432076454,0.40344488620758057,,,,,
1.1165940000000205,-0.7147911754728934,-3.738585437611911,-17.175825080654576,0.0658251941204071,0.045632295310497284,0.4132575988769531,,,,,
1.1259860000000117,-0.829534330631177,-3.7250505625718264,-17.249056124257248,0.051176927983760834,0.04250667616724968,0.4403531551361084,,,,,
1.1447490000000187,-0.9439109273818349,-3.5590784864444522,-17.401035738539786,0,0.029373452067375183,0.4609399437904358,,,,,
1.1537660000000187,-1.052467834507366,-3.4001468946796933,-17.484082951389798,0,0,0.42249661684036255,,,,,
1.1635229999999979,-1.2136948960470104,-3.203344078141835,-17.569559939142252,0,0,0.3611103296279907,,,,,
1.182296000000008,-1.5755816530098516,-2.7800539252461145,-17.732494518854335,0,-0.028657391667366028,0.21155041456222534,,,,,
1.191679000000022,-1.7056066476058012,-2.5949502890346605,-17.788431125526504,0,-0.03809916973114014,0.15656381845474243,,,,,
1.201071000000013,-1.7768408982781398,-2.4470295857028934,-17.810664002267316,0,-0.0341702476143837,0.12184017896652222,,,,,
1.2104649999999992,-1.7921993671424776,-2.3369848103235507,-17.80353987438836,0,-0.027312064543366432,0.10615229606628418,,,,,
1.2386210000000233,-1.706661612042876,-2.1182463237912437,-17.68453487383792,-0.030861079692840576,0,0.1022985577583313,,,,,
1.2480010000000163,-1.6965549550013106,-2.0390664425009493,-17.653977452805186,-0.038996078073978424,0.030074700713157654,0.08931118249893188,,,,,
1.2573890000000176,-1.7113753814044619,-1.953209568121616,-17.64203635933323,-0.03847452998161316,0.02545463852584362,0.06340277194976807,,,,,
1.266773999999998,-1.7435904119467427,-1.873554221115501,-17.63980671511799,-0.03366909548640251,0,0.025553226470947266,,,,,
1.2949940000000026,-1.686784104956662,-1.7480590968415852,-17.613240135155255,0,0,0,,,,,
1.3043700000000058,-1.59749191417951,-1.7249517066255808,-17.59107476134753,0,0,0.033449649810791016,,,,,
1.3137630000000229,-1.5179811273856587,-1.7077475956830115,-17.562868956514244,0,0,0.0497509241104126,,,,,
1.3419210000000135,-1.5005737775330457,-1.6730141185038063,-17.41915810535375,0,0,0,,,,,
1.351300000000009,-1.5140710600029879,-1.6775541383905794,-17.369774742702965,0,0,0,,,,,
1.3606780000000072,-1.4999041787349037,-1.6920058371961562,-17.326961950526172,0,0,0,,,,,
1.3982170000000167,-1.1048018142138112,-1.789588070876372,-17.283238526136675,0,0,0.05670541524887085,,,,,
1.4075970000000098,-1.0379970273941932,-1.7797366414286169,-17.29504684374765,0,0,0.062290310859680176,,,,,
1.4169920000000218,-1.037629347864899,-1.7500554350697426,-17.30622942900007,0,0,0.04787832498550415,,,,,
1.4638260000000116,-1.3251132078405887,-1.620158720746897,-17.256842954634575,0,0,0,,,,,
1.4732979999999998,-1.3192866830893886,-1.6087630456872333,-17.23453041152457,0,0,0,,,,,
1.482674000000003,-1.3111576777581555,-1.586970987822433,-17.22161246484483,0,0,0.026177287101745605,,,,,
1.5108299999999986,-1.4047429578362025,-1.527876921926349,-17.2195634069535,0,0,0,,,,,
1.5202170000000024,-1.4375303137132003,-1.5312995087047478,-17.211681072507755,0,0,0,,,,,
1.5296040000000062,-1.450455670904428,-1.5478871112487034,-17.195185349380143,0,0,0,,,,,
1.5389820000000043,-1.4405223185627223,-1.561949923400582,-17.174245500792985,0,0,0,,,,,
1.5577620000000252,-1.434089005400957,-1.5628822356472267,-17.14551972012251,0,0,0.043785035610198975,,,,,
1.5765240000000063,-1.5296080903038862,-1.5077005091107785,-17.140515092095338,0,0,0,,,,,
1.5859060000000227,-1.6024185727938591,-1.4710065087196376,-17.144255983311748,0,0,0,,,,,
1.5952890000000082,-1.6617508341728051,-1.446556616803671,-17.15077569604789,0,0,0,,,,,
1.6046750000000145,-1.69960074732244,-1.4465892939110876,-17.157226118089486,0,0,0,,,,,
1.6234340000000032,-1.7178081907290943,-1.491720378126885,-17.14047872067176,0,-0.025665966793894768,0.02949202060699463,,,,,
1.6516009999999994,-1.8140236296845096,-1.5059508271837256,-17.01233955988659,0,0,0.0524863600730896,,,,,
1.6609890000000007,-1.8900456112072357,-1.4691811322633868,-16.96478510237857,0,0,0.03323650360107422,,,,,
1.6703700000000197,-1.9727655952669019,-1.430296323545963,-16.925887727365513,0,0,0,,,,,
1.6797480000000178,-2.043250629558719,-1.4057174866335092,-16.896456390669453,0,0,0,,,,,
1.6891320000000007,-2.083942924572267,-1.402082384836872,-16.874193201265943,0,0,0,,,,,
1.7266680000000179,-2.057392898668737,-1.555313277807179,-16.76619328789696,0,0,0.03850072622299194,,,,,
1.7360570000000166,-2.0660531841679686,-1.5856906406233011,-16.717684604832108,0,0,0.05364865064620972,,,,,
1.745443000000023,-2.090785644890778,-1.5927788337190396,-16.673356965201336,0,0,0.06562376022338867,,,,,
1.773602000000011,-2.296499614867317,-1.5621998876576293,-16.62905393688166,0,0,0.025974392890930176,,,,,
1.7829880000000173,-2.3643300253365087,-1.580681836376998,-16.62470994141578,0,0,0,,,,,
1.801743000000016,-2.388749948417091,-1.6629184744328156,-16.577552437674218,0,0,0.04731762409210205,,,,,
1.81113000000002,-2.356881078137178,-1.6912426166956926,-16.538519400252255,0,0,0.07048910856246948,,,,,
1.8205180000000212,-2.3335906714714834,-1.6939102536296724,-16.503012146149498,0,0.02776677906513214,0.08364975452423096,,,,,
1.829903999999999,-2.3427267379678525,-1.6774791889548528,-16.47812721121437,0,0,0.07974392175674438,,,,,
1.8392940000000237,-2.392843886402629,-1.6477354210956747,-16.46218156366811,0,0,0.061708927154541016,,,,,
1.858066000000008,-2.553054294942956,-1.576063801256509,-16.44582515959527,0,0,0,,,,,
1.8674390000000187,-2.619574091617632,-1.5555373370572783,-16.440688193396984,0,0,0,,,,,
1.8768200000000093,-2.6562219588661353,-1.554037958496745,-16.43337708779229,0,0,0,,,,,
1.8955870000000061,-2.6422661195621204,-1.594469103086141,-16.405280875556215,0,0,0.03381383419036865,,,,,
1.9049770000000024,-2.6150884331673465,-1.6122468904782803,-16.383581173878806,0,0,0.04844069480895996,,,,,
1.942419000000001,-2.6296576543819317,-1.5902686701347843,-16.348190659394437,0,0,0.06064164638519287,,,,,
1.951898,-2.6515992242771182,-1.5792958637826184,-16.349613914167794,0,0,0.0552859902381897,,,,,
1.9706529999999987,-2.67459931112894,-1.583228150403338,-16.336957101000934,0,0,0.06018644571304321,,,,,
1.980041,-2.66981282415942,-1.5877955688500653,-16.32027904452156,0,0,0.08312076330184937,,,,,
1.9893840000000012,-2.6709090780629734,-1.596119072683057,-16.302757004221615,0,0,0.11948174238204956,,,,,
1.9987560000000144,-2.6877196639622065,-1.5926898766401674,-16.28709877988634,0,0,0.1514577865600586,,,,,
2.0268719999999973,-2.8687061353482317,-1.5248499299263913,-16.221219612812988,0,0,0.22014278173446655,,,,,
2.036266000000012,-2.935102865452835,-1.502947773108945,-16.192691993249404,0.025744281709194183,0,0.2267792820930481,,,,,
2.045658000000003,-2.9851155187725844,-1.4907893034046533,-16.162365624353107,0.03693640977144241,0,0.24560678005218506,,,,,
2.0644220000000075,-3.057680435912134,-1.5128279277342123,-16.046639922143175,0,0.036485325545072556,0.3244956135749817,,,,,
2.073810000000009,-3.116095570276201,-1.5317920024811271,-15.972539035791552,0,0.03555053099989891,0.35993921756744385,,,,,
2.111348000000021,-3.824945662965189,-1.5386521294599103,-15.59610821405976,0.028049351647496223,0.046918608248233795,0.4341351389884949,,,,,
2.1207250000000215,-4.087069401909615,-1.570876573196525,-15.472645886143333,0.028219152241945267,0.05513978749513626,0.4386138319969177,,,,,
2.139501000000024,-4.403623715657567,-1.6933341294053115,-15.217608841093918,0,0.061862651258707047,0.4598233103752136,,,,,
2.148881000000017,-4.35799276648165,-1.7580388203579604,-15.117045605233052,0,0.053502362221479416,0.4785844683647156,,,,,
2.1582760000000007,-4.149906766138138,-1.7955818656704412,-15.04700016867933,0,0.03402090445160866,0.4932194948196411,,,,,
2.167653999999999,-3.7992250827334146,-1.788303363981246,-15.000041387626023,0,0,0.4964514970779419,,,,,
2.1864140000000134,-2.914251551722129,-1.6422522576525103,-14.935336608830191,0.05869391933083534,-0.05117276683449745,0.4613112807273865,,,,,
2.1958110000000204,-2.5223330080036366,-1.5282707452334785,-14.876905470922752,0.07434646040201187,-0.06995593011379242,0.43458008766174316,,,,,
2.2144850000000247,-2.036026676340076,-1.2963893975988994,-14.666351202217907,0.06058022752404213,-0.06720607727766037,0.3602110743522644,,,,,
2.223957000000013,-1.9154918852892495,-1.1949222746077652,-14.52781385041306,0.046246692538261414,-0.0622306764125824,0.30715203285217285,,,,,
2.2333530000000223,-1.815346992481932,-1.1025076805689118,-14.376308076289497,0.03102327324450016,-0.05787615850567818,0.2541148066520691,,,,,
2.2708800000000053,-0.9105794200888745,-0.8432158796142821,-13.830227467138286,0.03017999604344368,-0.07951416820287704,0.1455705165863037,,,,,
2.2802770000000123,-0.5556974888017306,-0.7922043125123683,-13.699445171476004,0,-0.07741056382656097,0.13401049375534058,,,,,
2.2896530000000155,-0.18633606055081078,-0.7386932024524928,-13.561797523574562,0.03468804061412811,-0.07897617667913437,0.12419629096984863,,,,,
2.2990520000000174,0.17507721729082082,-0.6926285085509067,-13.40935861567883,0.04915593937039375,-0.07674337178468704,0.11857366561889648,,,,,
2.3272029999999972,1.0853708019704276,-0.6148379608409488,-12.800067687841983,0.03514152020215988,-0.03821660578250885,0.07822895050048828,,,,,
2.3364990000000034,1.3313646051146812,-0.5879855263264839,-12.644071670022006,0,-0.03445681184530258,0.0692865252494812,,,,,
2.345963000000012,1.5683871050655513,-0.5395391137150978,-12.509026671392707,0,-0.041520215570926666,0.048886895179748535,,,,,
2.3929640000000063,2.364205964153456,-0.2788759990807849,-11.897126972561482,0,-0.07052996754646301,-0.06705701351165771,,,,,
2.40234700000002,2.4881702099161926,-0.21470611658407518,-11.78274385784973,0,-0.07513173669576645,-0.06257826089859009,,,,,
2.4117200000000025,2.6250675136485486,-0.12902224797833206,-11.663210016579406,0,-0.0838627964258194,-0.05540013313293457,,,,,
2.4304880000000253,2.883519208199064,0.037088013069334035,-11.403379421656213,0.05383928865194321,-0.08714841306209564,-0.07836586236953735,,,,,
2.4398280000000057,3.0469832116803315,0.17431084042453693,-11.217000661378504,0.05599021539092064,-0.07120927423238754,-0.10407781600952148,,,,,
2.4492079999999987,3.134935459841696,0.2880131283005318,-11.013559665618988,0.0377226322889328,-0.05444161966443062,-0.12423908710479736,,,,,
2.458594000000005,3.1624601091109796,0.3959601166470457,-10.80774033054799,0,-0.04564864933490753,-0.1364014744758606,,,,,
2.467970000000008,3.1570500327339976,0.5247595186143581,-10.627931912407988,0,-0.043845392763614655,-0.15102863311767578,,,,,
2.49610100000001,3.139686401949522,0.9773552575335648,-10.160888688839293,0,0,-0.202181875705719,,,,,
2.5054910000000064,3.1603073314052432,1.1135830142269698,-10.02868706319203,0,0,-0.22529876232147217,,,,,
2.514868000000007,3.2161586160159987,1.2400940352447916,-9.944813813241332,0,0,-0.22983527183532715,,,,,
2.5430190000000152,3.6971141114210693,1.6686237097086452,-9.90441301096251,0,0,-0.2620798349380493,,,,,
2.5524170000000197,3.9088641653911527,1.8456340055565084,-9.945314582597844,0,0,-0.26027631759643555,,,,,
2.5899410000000103,4.5073359272672535,2.586353817767836,-10.130984749151443,0,0,-0.3087880611419678,,,,,
2.5993250000000216,4.6178449168509585,2.775912089152256,-10.164588974224502,-0.03965531662106514,0,-0.33483248949050903,,,,,
2.6087140000000204,4.7196417685149195,2.9555295180982677,-10.208303844840358,-0.029936399310827255,0,-0.3684478998184204,,,,,
2.618095000000011,4.8146585940632685,3.0985187161349934,-10.26792558012322,0,0,-0.37671899795532227,,,,,
2.627478000000025,4.905242809108501,3.1853739505406167,-10.351094773439122,0,0,-0.3579583764076233,,,,,
2.636860000000013,4.9940444408633455,3.2195624375241874,-10.425548929257234,0.025417042896151543,0,-0.3060636520385742,,,,,
2.64625700000002,5.080870543085146,3.220763655667287,-10.489139019777898,0,0.03577627241611481,-0.23712176084518433,,,,,
2.6556360000000154,5.154658259943781,3.2197913189277014,-10.558866395126895,0,0.06767953187227249,-0.19869989156723022,,,,,
2.6744040000000098,5.243068224309874,3.3218141187022336,-10.759855392696856,-0.04209727421402931,0.0778665766119957,-0.21358716487884521,,,,,
2.683785999999998,5.27297810955419,3.4430583105032433,-10.91963660903989,-0.028272897005081177,0.05198308825492859,-0.25245505571365356,,,,,
2.6931640000000243,5.314996696361042,3.5841024101125245,-11.128348531699691,0,0,-0.27810138463974,,,,,
2.7025540000000206,5.367893608671405,3.716026652065716,-11.323779821153387,0,0,-0.2864096760749817,,,,,
2.72132000000002,5.467640606295589,3.863437526920369,-11.644847115395466,0,0,-0.2894923686981201,,,,,
2.7307150000000036,5.501084920373359,3.868046721939787,-11.769502203442167,0,0,-0.2750353217124939,,,,,
2.740085000000022,5.5338885477700686,3.8380693542328443,-11.88809988837994,-0.027980782091617584,0,-0.24939537048339844,,,,,
2.7682709999999986,5.727876640560808,3.777321729488801,-12.198161645675947,0,0.02729533612728119,-0.10493004322052002,,,,,
2.777643000000012,5.75930268000649,3.8132821949467512,-12.284322614243095,0.03258759155869484,0.035294972360134125,-0.09970992803573608,,,,,
2.7870300000000157,5.73140819886473,3.8670188010686726,-12.367149126796875,0,0.04700858145952225,-0.11067605018615723,,,,,
2.7964170000000195,5.648457104082522,3.928454641939095,-12.442174908581894,0,0.05723707377910614,-0.12123876810073853,,,,,
2.8151770000000056,5.4372196126558405,4.055866429335347,-12.572825695433462,-0.028824612498283386,0.0487125962972641,-0.16438382863998413,,,,,
2.8245540000000062,5.373930707787071,4.107711191662738,-12.670418653458949,-0.034266069531440735,0.03517553210258484,-0.16686350107192993,,,,,
2.833955000000003,5.366677923923716,4.1424367787332645,-12.811402484744162,-0.033417582511901855,0,-0.14901995658874512,,,,,
2.843333000000001,5.411025007133026,4.167622291901848,-12.953224242003206,-0.025659166276454926,0,-0.11060774326324463,,,,,
2.8715720000000147,5.633392263468629,4.25208007070498,-13.170874427264609,0,0,0.027732491493225098,,,,,
2.8809590000000185,5.679446578297065,4.3400419476370296,-13.159763409075639,0,0,0.042809903621673584,,,,,
2.8903230000000235,5.696473126834457,4.474884643670476,-13.140121955546947,0,0,0,,,,,
2.9090989999999977,5.610141084487477,4.817665712120294,-13.086495370296683,-0.037040986120700836,0.03752071410417557,-0.0642504096031189,,,,,
2.9184820000000116,5.551547909572987,4.970616012407492,-13.054929133907038,-0.04780130833387375,0.04831693321466446,-0.1119469404220581,,,,,
2.927807999999999,5.452527705588751,5.0098819528823055,-13.059590721239694,-0.06444261223077774,0.05394035577774048,-0.14474856853485107,,,,,
2.956021000000021,5.58766388293404,5.059612903420383,-13.263173326776117,0,0,0,,,,,
2.9654140000000098,5.662151817174182,5.050853252024799,-13.333857294198376,0,0,0.03793460130691528,,,,,
2.9935560000000123,5.710499694788271,5.074205014819734,-13.412192171862632,0,0,0,,,,,
3.002949000000001,5.701980823074385,5.104576484695817,-13.410869774537938,0,0,-0.03535819053649902,,,,,
3.012325000000004,5.6939878579141165,5.135873153830782,-13.434754580671761,-0.03614427149295807,0,-0.04947549104690552,,,,,
3.031090000000006,5.706119860836085,5.08924670573216,-13.538376832927453,0,0,0,,,,,
3.0404800000000023,5.729329544769296,5.01940009730131,-13.594206990867706,0,0,0,,,,,
3.0498750000000143,5.752118208808348,4.9424773687771095,-13.642690899786992,0,0,0.05549430847167969,,,,,
3.0592570000000023,5.761473654485613,4.87917109984871,-13.660870624938527,0,0,0.0754244327545166,,,,,
3.0686400000000162,5.743823165575615,4.837860569805135,-13.625127309667848,0,0,0.07777303457260132,,,,,
3.0780129999999986,5.700171865479896,4.824355833295653,-13.580124041180992,0,0.032059572637081146,0.05913352966308594,,,,,
3.087399000000005,5.6553718536480035,4.844530061803489,-13.601271651381794,-0.031205803155899048,0.04528180509805679,0,,,,,
3.106168000000025,5.653676772059947,4.953653238476556,-13.725077293765247,-0.04638824611902237,0,-0.036403119564056396,,,,,
3.1155530000000056,5.703237327195024,4.980609191796832,-13.818401184907305,-0.030791565775871277,0,0,,,,,
3.1530930000000126,5.803306825464825,4.835627277361431,-13.981756591943096,0,-0.04023931920528412,0.08128976821899414,,,,,
3.1624850000000038,5.73058302338559,4.796102084853994,-13.9367017351693,0,0,0.06231701374053955,,,,,
3.1718740000000025,5.650607150260801,4.778065589553984,-13.867705831793062,0,0,0.02530902624130249,,,,,
3.190640000000002,5.596603877722087,4.802238543514389,-13.745409840206836,-0.04194531589746475,0.03482484817504883,-0.04087185859680176,,,,,
3.2000189999999975,5.661395893104524,4.8060558703652445,-13.729380823264702,-0.0445629358291626,0.03541199117898941,-0.049539923667907715,,,,,
3.2093980000000215,5.790333522124631,4.785980474146973,-13.760842786574676,-0.030760079622268677,0,-0.036413371562957764,,,,,
3.2187870000000203,5.963155277027473,4.72921807291804,-13.832019275163578,0,0,0,,,,,
3.2281750000000216,6.142280034327907,4.648059220163765,-13.91021295746612,0.03589296340942383,-0.038079261779785156,0.06723809242248535,,,,,
3.2375020000000063,6.353436670334785,4.623383323343398,-13.955989685672636,0.054983705282211304,-0.05515445023775101,0.11420714855194092,,,,,
3.246881000000002,6.495957856515806,4.609010744570872,-13.956919939799576,0.054489679634571075,-0.055180493742227554,0.13666856288909912,,,,,
3.2657170000000235,6.458683373374369,4.589487937976337,-13.83031693952924,0,0,0.09118425846099854,,,,,
3.2750950000000216,6.348399173304728,4.6021486816810215,-13.72209598891504,0,0,0.04096794128417969,,,,,
3.284480000000002,6.264379625769579,4.6305732123370404,-13.601537486823606,0,0.025198504328727722,0,,,,,
3.3126330000000053,6.361325203607442,4.6324926806114535,-13.384336345339172,0,0.05158258229494095,0,,,,,
3.322016000000019,6.465360033840068,4.599014603208584,-13.395539436668942,0,0.03538282960653305,0.045338571071624756,,,,,
3.3314040000000205,6.559601579865556,4.574668774449666,-13.429691829070908,0,0,0.07672280073165894,,,,,
3.340789000000001,6.627223255691514,4.568489629787285,-13.461941092586985,0.027188740670681,0,0.08612126111984253,,,,,
3.350165000000004,6.660803276766,4.575959734757563,-13.472120096092707,0.03317470848560333,0,0.07570719718933105,,,,,
3.3689480000000174,6.659392840153303,4.6544064614314395,-13.409682274468434,0,0,0.05556190013885498,,,,,
3.397086999999999,6.642267490813056,4.88194652907424,-13.209931614770856,0,0,0,,,,,
3.406466000000023,6.660780854915132,4.950768890342576,-13.15258848304224,0,0.026208743453025818,-0.04331326484680176,,,,,
3.4346240000000137,6.798500886441872,4.955024110865363,-13.250613486747751,0,0,0,,,,,
3.444008000000025,6.859131300833254,4.918425042217289,-13.278101502043931,0,0,0.04976451396942139,,,,,
3.4534030000000087,6.912373737934537,4.900137252525099,-13.295757690722366,0,0,0.07839632034301758,,,,,
3.4627760000000194,6.947982281882245,4.917306684881886,-13.304338593662271,0,0,0.07117652893066406,,,,,
3.481549000000001,6.989266302357072,5.050403938110715,-13.368956224078394,0,0,0,,,,,
3.490836999999999,7.026034231917088,5.115546313756171,-13.429180136878092,0,0,-0.04108613729476929,,,,,
3.5003220000000113,7.082477031199887,5.142395290596581,-13.50191107292654,0,0,-0.04580408334732056,,,,,
3.528474000000017,7.266661934528025,5.050044781596789,-13.68890450619756,0.02604760229587555,-0.0398612841963768,0.05254185199737549,,,,,
3.537852000000015,7.274128365579966,4.988136913333581,-13.704119143786663,0.03546329215168953,-0.028290055692195892,0.07418042421340942,,,,,
3.5472330000000056,7.248766720599476,4.943482500663919,-13.680149576267459,0.026634875684976578,0,0.07088583707809448,,,,,
3.5566250000000252,7.210939612143467,4.937948002037234,-13.621453275223468,0,0,0.04297870397567749,,,,,
3.566012999999998,7.188818585844967,4.971033196891154,-13.547113248224205,0,0.03954614698886871,0,,,,,
3.594114000000019,7.29774961767106,5.218188451356919,-13.494145486842086,0,0,-0.11597728729248047,,,,,
3.6034860000000037,7.387669740802564,5.289007841555157,-13.524195024170737,0,0,-0.13420921564102173,,,,,
3.612860000000012,7.497783588272292,5.358094825749323,-13.555688068510447,0,-0.04085446149110794,-0.15532249212265015,,,,,
3.6410040000000095,7.774414203364074,5.590133663245672,-13.550225623009734,0,-0.08070249855518341,-0.2506810426712036,,,,,
3.6503780000000177,7.835396088293623,5.709365186713251,-13.505123977023487,0,-0.07952798157930374,-0.2725381851196289,,,,,
3.6597650000000215,7.869135403159474,5.872855331605934,-13.425110121658827,0.03863471746444702,-0.08885301649570465,-0.3107249140739441,,,,,
3.678539999999998,7.789183269936338,6.365027554019697,-13.1347541517379,0,-0.07271380722522736,-0.32806283235549927,,,,,
3.697303000000005,7.244659371251608,6.946684901195635,-12.643399398023508,-0.027165301144123077,0.07490228116512299,-0.4435431957244873,,,,,
3.706690000000009,6.837815562578709,7.1690668798166435,-12.388930506264538,-0.08821751177310944,0.15759438276290894,-0.5415337085723877,,,,,
3.7254580000000033,6.222934214497358,7.445485016980954,-12.233669970957944,-0.16858842968940735,0.21508729457855225,-0.6753586530685425,,,,,
3.7629920000000254,7.243914406864124,7.78929751928792,-13.326627916476745,0,-0.041235119104385376,-0.5107260942459106,,,,,
3.772389000000004,7.637354907747192,7.889774415618297,-13.616287401355573,0.05162038654088974,-0.06820136308670044,-0.41371601819992065,,,,,
3.8005310000000065,7.684495306240971,8.226593684790505,-13.976664817534763,0,0.04651317000389099,-0.406690776348114,,,,,
3.8099180000000104,7.320838131919132,8.33647629806906,-14.061775409757685,0,0.08010412752628326,-0.5163049697875977,,,,,
3.819293000000016,6.892269858076049,8.411121220856336,-14.226312788093141,0,0.07258673757314682,-0.6258561611175537,,,,,
3.828685000000007,6.522388176853116,8.442026308020983,-14.491405289912894,-0.02960701286792755,0.04038604348897934,-0.6704434752464294,,,,,
3.8380690000000186,6.28832254840582,8.449460917903416,-14.855410937736961,0,0,-0.6425713300704956,,,,,
3.847459000000015,6.203028471835982,8.455793429854152,-15.279582713203894,0.04065871238708496,-0.06417476385831833,-0.5341353416442871,,,,,
3.866222000000022,6.1467967080938815,8.504234310211645,-15.942581156390872,0,-0.06954030692577362,-0.29499590396881104,,,,,
3.8756070000000022,5.971533842948001,8.520103546262598,-16.205186579593693,0,-0.055791713297367096,-0.2911263704299927,,,,,
3.884984000000003,5.664925569861608,8.494457419941538,-16.460449877660114,0,-0.04638537019491196,-0.30978477001190186,,,,,
3.9225250000000074,4.623801948067393,7.727299711392993,-17.74165772947318,0.077114999294281,-0.1067190170288086,-0.1888388991355896,,,,,
3.9319320000000175,4.67991201532417,7.429892014799121,-18.069731348945158,0.11564572900533676,-0.14824604988098145,-0.03572249412536621,,,,,
3.9413059999999973,4.739333059499877,7.164830777656641,-18.36178217308355,0.1115451455116272,-0.16151949763298035,0.13774824142456055,,,,,
3.9506870000000163,4.641954609544469,6.950787003229056,-18.589036739911442,0.09514977037906647,-0.14548003673553467,0.2537848949432373,,,,,
3.9600850000000207,4.281609131553942,6.764022301478945,-18.74367706705161,0.09069349616765976,-0.11732516437768936,0.2878032922744751,,,,,
3.969465000000014,3.648439404569521,6.56997917270892,-18.862113163834756,0.06390579044818878,-0.08859080076217651,0.23833996057510376,,,,,
3.978869000000003,2.841356124912489,6.324874996646282,-19.007474879261302,0.05745909363031387,-0.08269575238227844,0.12580418586730957,,,,,
3.988297000000017,2.071119350803995,5.977860757363304,-19.182840466256994,0.051681578159332275,-0.09401457011699677,0.04503917694091797,,,,,
3.9976950000000215,1.4289730017191717,5.441719877597911,-19.393877248703767,0.04749484360218048,-0.113640695810318,0.05694413185119629,,,,,
4.007013999999998,1.2710403849157033,4.843944081313559,-19.610693098450955,0.07785200327634811,-0.14751824736595154,0.19478052854537964,,,,,
4.016371000000021,1.420764550703902,4.2173496141857845,-19.8117756622685,0.08793436735868454,-0.16722272336483002,0.4226061701774597,,,,,
4.0351280000000145,1.7375371827482349,3.150281531798434,-20.127229363733676,0.09252971410751343,-0.09566652774810791,0.7494981288909912,,,,,
4.044533000000001,1.52887419435873,2.7000922022164238,-20.23941400400021,0.08834289014339447,-0.027626441791653633,0.7531417012214661,,,,,
4.0539050000000145,1.0459943678772352,2.2698977207203668,-20.332589629312753,0.09792184084653854,0,0.6577110886573792,,,,,
4.072683000000012,-0.06376025749691547,1.3378579581601404,-20.59627105380333,0.12851132452487946,0.0562564916908741,0.49208909273147583,,,,,
4.082062000000008,-0.34749576144170596,0.774969529992746,-20.774244579610926,0.1108810231089592,0.06486820429563522,0.5085177421569824,,,,,
4.091442000000001,-0.35509798407959114,0.18582183232442,-20.9814792631973,0.07034311443567276,0.05597340315580368,0.6172564029693604,,,,,
4.10083400000002,-0.17667068295976623,-0.350647300886645,-21.229243648451725,0.04902423545718193,0,0.7272994518280029,,,,,
4.11960000000002,0.17445202868441795,-1.0742396665868097,-21.637547326125905,0,-0.05477214604616165,0.7745482921600342,,,,,
4.128985,0.14587024041775584,-1.268609701241734,-21.763247456758407,0.059844933450222015,-0.09892522543668747,0.7114203572273254,,,,,
4.138366000000019,-0.044636948133322286,-1.4010913836497665,-21.823037445184823,0.10633338242769241,-0.11560919135808945,0.6158231496810913,,,,,
4.1477509999999995,-0.3306679453020268,-1.5188236198997442,-21.78206272942006,0.13087528944015503,-0.09597895294427872,0.5321999192237854,,,,,
4.157139999999998,-0.6291204904925618,-1.6492072019579866,-21.649446145398944,0.11737658083438873,-0.026356808841228485,0.5035143494606018,,,,,
4.16652400000001,-0.8887965932443167,-1.786491632237302,-21.453588538812074,0.07423364371061325,0.041855886578559875,0.49754631519317627,,,,,
4.19467800000001,-1.3936008989888635,-1.9618864544643653,-21.023426379655028,0,0.07530167698860168,0.4983097314834595,,,,,
4.204058000000003,-1.582683116960158,-1.8928674915817687,-21.025191421286326,0,0.039559781551361084,0.43320679664611816,,,,,
4.213443000000012,-1.7979377663206162,-1.7864860462333065,-21.030276270866754,0,0,0.34444212913513184,,,,,
4.222818000000018,-1.9991321597924228,-1.6764057946937696,-20.932190470752285,0,0,0.2573922872543335,,,,,
4.232213000000002,-2.1443684792749655,-1.5826828361852985,-20.817960251711053,0,0,0.19765746593475342,,,,,
4.241604000000024,-2.222433713880984,-1.5085311671038586,-20.689267712594084,0.025890840217471123,0,0.1703464388847351,,,,,
4.250990000000002,-2.2531506038612443,-1.4504272683766246,-20.542998135946522,0,0,0.1681452989578247,,,,,
4.260368,-2.27565261281468,-1.3962618936038098,-20.38209216595341,0,0.042378444224596024,0.17594528198242188,,,,,
4.279155000000003,-2.444148967835634,-1.2489016867301206,-20.079800009983245,0,0.0528823658823967,0.13233095407485962,,,,,
4.288538000000017,-2.6067966047183666,-1.1623714693255092,-19.965079791811196,0,0.049375057220458984,0.0858202576637268,,,,,
4.307310999999999,-2.919765888839017,-1.0452279028794098,-19.761818019859753,0,0.0450718067586422,0.02894812822341919,,,,,
4.344842999999997,-2.5459761978773305,-1.006735883666642,-19.4949188914127,0,0.030017152428627014,0.12695729732513428,,,,,
4.354224000000016,-2.4036207717198104,-0.9413189468883529,-19.446833509720268,0,0,0.13366252183914185,,,,,
4.363609000000025,-2.336911604194877,-0.831637715389956,-19.412931083813675,0,0,0.11894488334655762,,,,,
4.382454000000024,-2.4975255707710757,-0.5717884914622843,-19.259890973695782,0.041992805898189545,0,0.03555953502655029,,,,,
4.429371000000003,-2.7317412939750936,-0.21747044771672802,-18.695388488043776,0,0.05961437150835991,0.04619544744491577,,,,,
4.438759000000005,-2.6489655051710175,-0.11945631676662508,-18.62556597642091,0,0.06768752634525299,0.0900425910949707,,,,,
4.45753000000002,-2.698790959397336,0.19196602654087225,-18.598635113662546,0,0,0.05543869733810425,,,,,
4.46691100000001,-2.855697400094669,0.3713166946710911,-18.61893324442369,0,0,0,,,,,
4.4762850000000185,-3.051409658087947,0.5398482380270008,-18.64394765609978,0,0,-0.029614031314849854,,,,,
4.495074000000017,-3.404178693933929,0.8933917343947403,-18.60235598389225,-0.025400370359420776,0,-0.0640823245048523,,,,,
4.504451000000017,-3.5367022811722704,1.0645843365324559,-18.58773601855528,-0.03656499832868576,0,-0.0636473298072815,,,,,
4.513834000000003,-3.6650735797796465,1.2169322394446236,-18.580355919194158,-0.03951862454414368,-0.025883935391902924,-0.06296581029891968,,,,,
4.532600000000002,-3.9452891386325493,1.4061683279749084,-18.56089284021747,0,-0.05785444378852844,-0.061589956283569336,,,,,
4.541991000000024,-4.080143400010492,1.4542239545548108,-18.508536875514157,0,-0.060632817447185516,-0.057744383811950684,,,,,
4.570137000000017,-4.263614294876726,1.4963467563549981,-18.24813893226407,0,0,0,,,,,
4.579529000000008,-4.272778995114234,1.5042423385653942,-18.167451340100925,0,0,0,,,,,
4.588920999999999,-4.289816610670896,1.510232740369957,-18.10506619974198,0,-0.03356225788593292,0,,,,,
4.607685000000004,-4.396599571858966,1.5347967227973898,-17.93679801800495,0,-0.04268544912338257,0,,,,,
4.617070000000012,-4.486919071133392,1.5559414920836652,-17.83288989463364,0,-0.03355119377374649,0,,,,,
4.635821000000021,-4.648344163187663,1.5878437772442178,-17.57508430308714,0,0,-0.030088365077972412,,,,,
4.645218,-4.704796861219199,1.59572083330989,-17.451545158029525,0,0,-0.03366422653198242,,,,,
4.654599000000019,-4.755801593331864,1.5988050401958018,-17.353738702072686,0,0,-0.03773742914199829,,,,,
4.673369000000008,-4.838103181000653,1.5617123316827715,-17.16046726246142,0,0,-0.040563106536865234,,,,,
4.682740000000024,-4.840333939153469,1.5142034237912347,-17.064337212125523,0,0,0,,,,,
4.6921330000000125,-4.815721282056038,1.451558835416311,-16.97751366944428,0,0,0,,,,,
4.701518000000021,-4.774697163116886,1.391612799646366,-16.89354610896407,0,0,0.03539597988128662,,,,,
4.720284000000021,-4.7180803776105,1.3070600405030144,-16.77959817581348,0,0.031233683228492737,0.05016356706619263,,,,,
4.729665000000011,-4.7273189907822895,1.2895631978081918,-16.727709874184637,0,0.03407888859510422,0.041873931884765625,,,,,
4.739064000000013,-4.765164113902317,1.29805294350082,-16.68108175227566,0,0.034004680812358856,0.025339961051940918,,,,,
4.757828000000018,-4.890448189439925,1.360880301591384,-16.60972292023016,0,0.025200746953487396,0,,,,,
4.767212999999998,-4.966201665801941,1.392204001689681,-16.584299308666292,0,0,-0.03630012273788452,,,,,
4.776603000000023,-5.030336032256811,1.404485193975302,-16.562768528037335,0,0,-0.034245431423187256,,,,,
4.795369000000022,-5.131748806205626,1.3924285545414992,-16.52641897139283,0,0,0,,,,,
4.814128000000011,-5.257321321313515,1.3616566513223034,-16.5066939621084,0,0,0,,,,,
4.823525000000018,-5.342918028796066,1.3451049512238862,-16.491691983960564,0,0,0,,,,,
4.842293000000012,-5.536793793319902,1.3338661411911632,-16.418351807602388,0,0,0.032662928104400635,,,,,
4.8516639999999995,-5.647946949619859,1.3313334343521988,-16.36103237971878,0,0,0.03236299753189087,,,,,
4.861056000000019,-5.765432371785135,1.3239292651284347,-16.295229131324472,0,0,0,,,,,
4.87044400000002,-5.865141705080239,1.3096629064001137,-16.228423338054967,0,0,0,,,,,
4.889211000000017,-5.980122557616824,1.2336042280657804,-16.119021899870365,0,0,0.05731213092803955,,,,,
4.898595999999998,-5.995153663797005,1.1833574303674326,-16.06254484835504,0,0,0.10172903537750244,,,,,
4.936043000000012,-6.475663506488736,1.1212327657147003,-15.724026948499672,0,0.02955292910337448,0.16142207384109497,,,,,
4.9454270000000236,-6.672139650978805,1.0861491385920745,-15.627361576147965,0,0.03271619230508804,0.16717082262039185,,,,,
4.964190000000002,-6.91025060091359,0.9021002684253847,-15.424646983438116,0.041851602494716644,0,0.2593507766723633,,,,,
4.973570000000024,-6.931197083937719,0.7757965566149255,-15.28817719815592,0.05087146908044815,0,0.3476908206939697,,,,,
4.982958000000025,-6.928515629773543,0.6567737641717724,-15.130072392152206,0.052942343056201935,0,0.4425753355026245,,,,,
5.011122,-7.261741753867626,0.49741707146526776,-14.541224013088986,0.07065725326538086,-0.05684944987297058,0.6306579113006592,,,,,
5.020499999999998,-7.596568694645709,0.5369248165478901,-14.233648505769755,0.06744274497032166,-0.07765185832977295,0.6531356573104858,,,,,
5.039263000000005,-8.515565519337196,0.6689877458983721,-13.312690057563497,0.07999549806118011,-0.0783674567937851,0.6868832111358643,,,,,
5.048663000000005,-8.966183727071789,0.6955700006013896,-12.707909811402937,0.07484740018844604,-0.04473161697387695,0.728343665599823,,,,,
5.0580380000000105,-9.295230033979232,0.6729081201621083,-12.046174304478718,0.09543591737747192,0,0.7914701700210571,,,,,
5.076808999999997,-9.363800069391607,0.5667989012798851,-10.735364171012073,0.12774410843849182,0.03434687852859497,0.9892845153808594,,,,,
5.086188000000021,-9.113465314928979,0.585915968185155,-10.145461419064054,0.13759374618530273,0.02686220407485962,1.0791103839874268,,,,,
5.095567000000017,-8.77084387064392,0.7178608205633037,-9.615528299741527,0.12989240884780884,0,1.0801589488983154,,,,,
5.114328999999998,-8.10653667558818,1.3402216596242846,-8.791971561703823,0.12245260924100876,-0.07399162650108337,0.9293227195739746,,,,,
5.1237210000000175,-7.830394052524843,1.7755868176898635,-8.46133869490576,0.13517215847969055,-0.12173542380332947,0.7875834703445435,,,,,
5.133108000000021,-7.560894174745873,2.217164831040099,-8.15175220119334,0.13750627636909485,-0.16522566974163055,0.6464319825172424,,,,,
5.142490000000009,-7.25441629333192,2.621273656928079,-7.819378216178635,0.14650484919548035,-0.1913035660982132,0.5386784076690674,,,,,
5.151871999999997,-6.88696868997091,2.9780478177913667,-7.40358420629525,0.13808414340019226,-0.2101415991783142,0.45498770475387573,,,,,
5.161256000000009,-6.46021610302405,3.2838733487103444,-6.945983127636863,0.11852571368217468,-0.21195000410079956,0.3995129466056824,,,,,
5.170641000000018,-6.000734994439295,3.55163061178007,-6.4515555463948004,0.10635454952716827,-0.20407792925834656,0.3501211404800415,,,,,
5.189413999999999,-5.096258881166992,4.094261750834481,-5.323666063364943,0.0782279372215271,-0.15857142210006714,0.2169787883758545,,,,,
5.198816000000022,-4.708123069143966,4.391609704274859,-4.615357872880372,0.07169128954410553,-0.13556700944900513,0.12113600969314575,,,,,
5.217576000000008,-4.121196661214464,4.9642404595874,-3.251504035181028,0.05237199738621712,-0.0960327535867691,-0.06354516744613647,,,,,
5.226967000000002,-3.875253572579536,5.227809358855041,-2.6352940446958426,0.03304184228181839,-0.09178629517555237,-0.12053167819976807,,,,,
5.236332000000004,-3.599927918447906,5.480255975828136,-2.0646916815896916,0,-0.09390316903591156,-0.16703742742538452,,,,,
5.255119000000008,-2.7964408422348663,5.953705048013732,-1.0162765274456684,0,-0.11178454756736755,-0.2353140115737915,,,,,
5.2645040000000165,-2.264542525832039,6.177009868297873,-0.5150278272352657,0,-0.10931287705898285,-0.2802060842514038,,,,,
5.273894000000013,-1.6857089876967217,6.390288908284969,-0.028432000986151992,-0.02656208723783493,-0.10521052032709122,-0.3343130946159363,,,,,
5.302039000000008,0.04353998859521502,6.895136674335953,1.2873751789942982,0,-0.06687840074300766,-0.49549564719200134,,,,,
5.320798000000025,1.2037140504855088,6.988600691607355,2.024730006917049,0,-0.04647066444158554,-0.5494917631149292,,,,,
5.348945000000015,2.775760227226777,6.748457548411486,3.0313104776515836,0,-0.025154555216431618,-0.4795069098472595,,,,,
5.367716999999999,3.3459928844277953,6.532556061434586,3.6501790701254535,0,0,-0.4633101224899292,,,,,
5.386550999999997,3.6481081508969075,6.3279963732487206,4.235026222217738,0,0,-0.49218159914016724,,,,,
5.395931000000019,3.8061957900071177,6.206410835834478,4.497287637673961,0,0,-0.4788144826889038,,,,,
5.405317000000025,3.9955491510538215,6.091006369423168,4.743702582344198,-0.025410495698451996,-0.03512400761246681,-0.45074617862701416,,,,,
5.414693,4.2007306844143795,6.012389449731504,4.988409684450669,-0.033362939953804016,-0.04161427915096283,-0.42623603343963623,,,,,
5.424091000000004,4.3919708008645575,5.979145285322745,5.240281815510321,-0.036623984575271606,-0.050296932458877563,-0.4387357831001282,,,,,
5.43346200000002,4.555685776923704,5.973336827319468,5.493596818969402,-0.03623679280281067,-0.053862862288951874,-0.48561662435531616,,,,,
5.442807000000016,4.7023067340696585,5.957801887709095,5.728263169553945,-0.029186464846134186,-0.04639793187379837,-0.5278953313827515,,,,,
5.461616000000021,5.0179373626367845,5.778049402695392,5.280570622134569,0,0,-0.518722653388977,,,,,
5.471011000000004,5.192208494105527,5.595073888707623,5.061095020208456,0,0,-0.4707005023956299,,,,,
5.480378999999999,5.349565751654179,5.37188831285149,4.8527032413805244,0,0.03942766785621643,-0.4261680245399475,,,,,
5.4897670000000005,5.470566494064389,5.145205480882283,4.629857573702835,-0.04818195104598999,0.0653599351644516,-0.4068107008934021,,,,,
5.499152000000009,5.548416902308289,4.946765565075083,4.367102858500651,-0.06236788630485535,0.0761835053563118,-0.41893988847732544,,,,,
5.508501000000024,5.59988899159552,4.772372277398934,4.042700323774817,-0.06247258931398392,0.06819155812263489,-0.419109582901001,,,,,
5.527265999999997,5.738649976828787,4.442534727611754,3.2562279394259903,0,0,-0.3724833130836487,,,,,
5.536690000000021,5.862131278009057,4.284664009787446,2.892389858510403,0,0,-0.3219667077064514,,,,,
5.546032000000025,6.008284889100835,4.130049125643003,2.578668546542583,0.03834690898656845,0,-0.24552851915359497,,,,,
5.555424000000016,6.141389430593032,3.980645576951802,2.3067329476840697,0.04379792511463165,0,-0.20471864938735962,,,,,
5.564852999999999,6.243098465964358,3.8461193195710197,2.086459905433264,0,0.040584199130535126,-0.1805310845375061,,,,,
5.574187000000023,6.3015304126193366,3.7434185036132965,1.8801648482325102,0,0.06542375683784485,-0.1841977834701538,,,,,
5.602384999999998,6.412185534994093,3.6140206072759646,1.0983427472739085,0,0.07471632212400436,-0.17778432369232178,,,,,
5.611777000000018,6.482318987444914,3.5948211429550323,0.7944989857600032,0,0.050808072090148926,-0.1483880877494812,,,,,
5.621126000000004,6.545914579283917,3.5603558897663503,0.5080265450367443,0.05160653218626976,0.030427202582359314,-0.12048375606536865,,,,,
5.658783,6.687147984378689,3.3497605528678274,-0.28797525246002603,0,0.08310163766145706,0,,,,,
5.705711000000008,7.0413115850258,3.285896122066526,-1.4764992264567751,0.05487696826457977,0,-0.027758777141571045,,,,,
5.715079000000003,7.171359445198486,3.2107603936657942,-1.786812838971164,0.06137574464082718,0.029813475906848907,0,,,,,
5.724468999999999,7.29705455816186,3.1253524361955587,-2.1007030102929165,0.05549541115760803,0.040806129574775696,0.03266584873199463,,,,,
5.733857999999998,7.408759699137483,3.046505498101158,-2.3774907792479136,0.03777330368757248,0.05228589475154877,0.051629483699798584,,,,,
5.743187000000006,7.488056597107208,2.994871885951839,-2.6467044867730833,0,0.05237339437007904,0.04956549406051636,,,,,
5.752623,7.537631994815272,2.985387235621625,-2.9316394113568607,0,0.04443959891796112,0.039422035217285156,,,,,
5.761958000000021,7.561135133073031,3.0191006093521517,-3.2075429656139316,0,0,0,,,,,
5.790108000000004,7.553540786084419,3.157061792859963,-4.109581176026005,0.06361198425292969,0,0.0427895188331604,,,,,
5.827655000000021,7.3577504029861025,3.1970086909596778,-4.821961507167969,0,0.038057878613471985,0,,,,,
5.837088000000023,7.28382952702919,3.2639849361154325,-4.994816962947486,-0.03968881815671921,0.03983186185359955,0,,,,,
5.846457000000015,7.231910802475443,3.3557665039306293,-5.229373076099336,-0.05907362699508667,0.026344895362854004,-0.03874427080154419,,,,,
5.865238000000005,7.224789087138801,3.4794445042703432,-5.881695988851289,0,-0.03427179902791977,0,,,,,
5.874621000000019,7.247326680379795,3.4820393524963937,-6.24236691492685,0,-0.06272097676992416,0,,,,,
5.9027320000000145,7.179427761219246,3.414672915246051,-6.917357983893832,0,-0.0564323291182518,0.04489332437515259,,,,,
5.912142000000017,7.083750318576447,3.3980915969989853,-7.066323627884761,0,-0.03721246123313904,0,,,,,
5.94029500000002,6.923457148426843,3.4243405798615183,-7.5475864438256375,-0.041042912751436234,0,0,,,,,
5.959025000000025,6.939384486747793,3.4592763054878155,-7.9411580907228965,-0.028966281563043594,-0.03861237317323685,0,,,,,
5.9778320000000065,6.950265437944813,3.3569974822262076,-8.343549128859232,0,-0.05320940166711807,0,,,,,
5.9966090000000065,6.979249509833626,3.1260511155653714,-8.64851587396825,0.028911590576171875,-0.036902353167533875,0,,,,,
6.015379000000024,7.030869615090201,2.881456235357178,-8.889875123631377,0,0,0.054802119731903076,,,,,
6.02472400000002,7.0694804785433085,2.776719735006426,-8.999007549275436,0,0,0.07236319780349731,,,,,
6.062258000000014,7.190087496502951,2.6342666830099275,-9.33942172983149,0,0,0.04615563154220581,,,,,
6.071651000000003,7.168621299363904,2.672003858609158,-9.414896975142165,0,0,0.029791057109832764,,,,,
6.081027000000006,7.132258086586405,2.724244458316532,-9.494597767568289,0,0,0,,,,,
6.099792000000008,7.0491289190085995,2.8303022530763675,-9.636406712116331,0,0,0,,,,,
6.109225000000009,7.0200060939775915,2.8892342790280683,-9.676164184374285,0,0,0,,,,,
6.1185660000000155,7.0076954346414615,2.950625435382563,-9.723414638953692,-0.02928977459669113,0.026025794446468353,0,,,,,
6.127992000000006,7.014571115033686,3.0044179983394543,-9.791664930506938,-0.034208204597234726,0.03323280066251755,0,,,,,
6.137365000000017,7.039870438502721,3.04237589892485,-9.877440501703825,-0.031106647104024887,0.03133542090654373,-0.02970278263092041,,,,,
6.174913000000004,7.223040028565738,3.0102097040977407,-10.462085937938692,0,0,0.02532029151916504,,,,,
6.184303,7.209946561273195,2.98478107023746,-10.58539397662077,0,-0.029684461653232574,0,,,,,
6.193691000000001,7.171808458504001,2.9633448440664587,-10.668233136514699,0,-0.026343397796154022,0,,,,,
6.203064000000012,7.123577133917072,2.9453987815192226,-10.744759981608173,0,0,0,,,,,
6.221794000000017,7.057316735879296,2.933822390757912,-10.84967093832288,0,0,0,,,,,
6.249948000000018,7.085167751118892,2.9150341022534847,-11.078664269820646,0,0,0,,,,,
6.26875800000002,7.146743095050293,2.840232179469986,-11.367654361170546,0,0,0,,,,,
6.278111000000024,7.191650417638171,2.7765102093393126,-11.547635329081064,0,0,0,,,,,
6.287522000000024,7.238451583244985,2.700523839580052,-11.721187426283716,0,0,0.03118687868118286,,,,,
6.296904000000012,7.286224688280284,2.6205145305715805,-11.88917353390072,0,-0.03201872110366821,0.04001188278198242,,,,,
6.315642000000025,7.342702320700629,2.4944188253763975,-12.1526609282187,0,-0.03593594580888748,0,,,,,
6.325005000000004,7.332172877913002,2.4578652491506072,-12.245688797917008,0,-0.04185736924409866,0,,,,,
6.34377600000002,7.242240102441923,2.400835628531023,-12.36502468960739,0,-0.05641118437051773,-0.06663566827774048,,,,,
6.353106000000025,7.26120555145115,2.382060449056301,-12.416299015004556,0,-0.059912994503974915,-0.09417951107025146,,,,,
6.3624810000000025,7.308323207642007,2.354220556570718,-12.498453557404305,0.02814442291855812,-0.06683051586151123,-0.11483520269393921,,,,,
6.3718760000000145,7.3847215902343954,2.3250753416899927,-12.556672685676773,0.03764018416404724,-0.07645051181316376,-0.1339614987373352,,,,,
6.390632000000011,7.5777358607801535,2.3023419297706122,-12.573180435703279,0.05237174034118652,-0.0810098648071289,-0.16233110427856445,,,,,
6.3999919999999975,7.664683675982837,2.3154947418174556,-12.533241616447915,0.06065310537815094,-0.07567951083183289,-0.18408089876174927,,,,,
6.409374000000014,7.733214951963592,2.3475524802591994,-12.473713637102303,0.06511615216732025,-0.07100476324558258,-0.2087862491607666,,,,,
6.418761000000018,7.782840390286771,2.4049169609323036,-12.395157769012386,0.06440846621990204,-0.06941661238670349,-0.22497624158859253,,,,,
6.4281330000000025,7.826815042386832,2.4914563134477463,-12.238544841474532,0.07494545727968216,-0.07163157314062119,-0.23261624574661255,,,,,
6.437533999999999,7.861551338908175,2.636501946940943,-12.03412479695809,0.033554401248693466,-0.06806808710098267,-0.23583745956420898,,,,,
6.446916000000016,7.858064338932047,2.8574510764914876,-11.87038385771609,0.039602167904376984,-0.08262258768081665,-0.2551826238632202,,,,,
6.456294000000014,7.7935820115165315,3.135733435613199,-11.694628179813924,0.03225235641002655,-0.06415063142776489,-0.28778016567230225,,,,,
6.465682000000015,7.652198810394194,3.4290591050057206,-11.45865481778766,0,-0.049470074474811554,-0.3793206810951233,,,,,
6.475178,7.464256269181469,3.694753282813716,-11.171532740418996,0,0,-0.46022969484329224,,,,,
6.484447000000017,7.2688183923825305,3.905627920982868,-10.871399388730401,0,0,-0.5114202499389648,,,,,
6.493836000000016,7.1042860227703875,4.039507712069083,-10.572640814767354,0,0,-0.5316259860992432,,,,,
6.503228000000007,6.995549620013895,4.112180466993441,-10.30741594681401,0,0.045175954699516296,-0.5305488109588623,,,,,
6.512611000000021,6.948087003809609,4.172410123589583,-10.142428695619113,0,0.0418572723865509,-0.5166657567024231,,,,,
6.531369000000012,6.984724250812019,4.409691466377384,-10.106975622561844,0,0,-0.3884248733520508,,,,,
6.540754000000021,7.002258154805245,4.617321069594701,-10.144519851706441,-0.028081506490707397,0,-0.3205166459083557,,,,,
6.550135000000012,6.953600403393457,4.879335995570014,-10.138629950422189,-0.040116287767887115,0,-0.3273196816444397,,,,,
6.559530000000024,6.810070733601523,5.175406192859463,-10.094080035137317,-0.07425288110971451,-0.02952052652835846,-0.40549319982528687,,,,,
6.568907000000024,6.577959812376471,5.472106361137715,-10.017613290749637,-0.11155293881893158,-0.03570649027824402,-0.5162621140480042,,,,,
6.578296000000023,6.299378691534693,5.740694430576749,-9.951850971363521,-0.1264077126979828,-0.052318885922431946,-0.6237097382545471,,,,,
6.587686000000019,6.026710114574666,5.965012555391647,-9.970002363144069,-0.08786514401435852,-0.08343732357025146,-0.6916530132293701,,,,,
6.606446000000005,5.659157055870435,6.208634786187456,-10.146049956017237,0,-0.10949787497520447,-0.5571658611297607,,,,,
6.615843000000012,5.552529413595527,6.237247657472273,-10.25339821561869,0,-0.10179543495178223,-0.40332871675491333,,,,,
6.634600000000006,5.130236554425411,6.33410375717192,-10.192009244259747,-0.03607656806707382,-0.04031607508659363,-0.1725144386291504,,,,,
6.64398700000001,4.623765233924311,6.480162807859668,-9.99234362287005,-0.07697533816099167,0,-0.17883384227752686,,,,,
6.653368999999998,3.8802413315172872,6.673946699153284,-9.742379221468822,-0.11363150179386139,0.04746883362531662,-0.2728552222251892,,,,,
6.662750000000017,2.9688885326691694,6.872116721477632,-9.53649514229743,-0.12166499346494675,0.07106755673885345,-0.39734357595443726,,,,,
6.672144000000003,2.0021091003581755,7.015121993189602,-9.441876755489693,-0.1003994420170784,0.0658540278673172,-0.5026884078979492,,,,,
6.690918000000011,0.3489132950440973,6.982828217638852,-9.696444490459086,-0.09144289046525955,0,-0.4672325849533081,,,,,
6.700290000000024,-0.2301369573236864,6.781457896047588,-10.025513802509199,-0.051500022411346436,0,-0.3198001980781555,,,,,
6.709696000000008,-0.6653638977171425,6.475220389108231,-10.384820586756055,-0.03655702620744705,0,-0.14809399843215942,,,,,
6.719090000000023,-1.0292859152732112,6.112910792008549,-10.74715167618673,-0.045770250260829926,0,0,,,,,
6.737841000000003,-1.799953108014437,5.384494601521923,-11.554636101595603,-0.04353521019220352,0,0.18098360300064087,,,,,
6.74723400000002,-2.217650170969561,5.046595348690438,-12.009354303457771,-0.030376113951206207,-0.05881123244762421,0.2038823366165161,,,,,
6.75663400000002,-2.599922385727647,4.741375483490052,-12.57912252758576,0,-0.10997860133647919,0.24225962162017822,,,,,
6.7660180000000025,-2.9157318470945763,4.4920814866321646,-13.238730191534337,0.058067549020051956,-0.17596623301506042,0.29512208700180054,,,,,
6.775372000000004,-3.186698655422333,4.310366684425471,-13.91120107860553,0.11273345351219177,-0.2376127690076828,0.39614611864089966,,,,,
6.784764000000024,-3.5055741896460537,4.1976538962029935,-14.491165935335971,0.1341957151889801,-0.255243718624115,0.5144203305244446,,,,,
6.794139000000001,-3.98897931375905,4.148762576738348,-14.887920963327884,0.12456068396568298,-0.23561924695968628,0.5729802846908569,,,,,
6.803528,-4.708470752123534,4.1453220224376395,-15.081823713934492,0.09326880425214767,-0.19897471368312836,0.5331776738166809,,,,,
6.812905000000001,-5.651018760771112,4.126016399333555,-15.135589511868618,0.06560473889112473,-0.1345643401145935,0.42117464542388916,,,,,
6.82229700000002,-6.7071739306335525,3.9970546438474712,-15.143422616221327,0.06506761908531189,-0.054779596626758575,0.29440730810165405,,,,,
6.831675000000018,-7.690294013897054,3.6833865859068418,-15.179336867361028,0.04691750556230545,0,0.22713667154312134,,,,,
6.841048000000001,-8.40533174714665,3.193218904375555,-15.305944769083881,0,0,0.3032805919647217,,,,,
6.85044400000001,-8.77219746976167,2.6163555975053012,-15.585207217752867,0.04857512190937996,0,0.47672712802886963,,,,,
6.859828000000022,-8.846625935617219,2.0762664744441106,-16.008369591462944,0.10162094235420227,-0.03761042654514313,0.6934605240821838,,,,,
6.86920600000002,-8.792349336159297,1.6738109392916627,-16.499242958003176,0.11948870122432709,-0.05754272639751434,0.859740138053894,,,,,
6.878599000000008,-8.79137988940536,1.4597777859289514,-16.994079267257057,0.10087060183286667,-0.06657184660434723,0.9338127970695496,,,,,
6.88798300000002,-8.979275984953315,1.4491225691028533,-17.46260637013557,0.08702069520950317,-0.07870416343212128,0.8916143774986267,,,,,
6.8973720000000185,-9.405564602654295,1.6179058317846842,-17.879993940691755,0.08484140038490295,-0.09919099509716034,0.7396482825279236,,,,,
6.906747000000024,-10.022683342650213,1.8906224120907122,-18.234052225326224,0.08349885046482086,-0.11544455587863922,0.5447003841400146,,,,,
6.916124000000025,-10.715621267407762,2.1550540238328506,-18.530346912364234,0.08933107554912567,-0.10309706628322601,0.36745184659957886,,,,,
6.925522000000001,-11.347725339466018,2.3108943206316113,-18.77170163750486,0.1057128757238388,-0.08400143682956696,0.23595327138900757,,,,,
6.934905000000015,-11.783540863986651,2.306779444269575,-18.959397534577672,0.09319711476564407,-0.04922713339328766,0.22210216522216797,,,,,
6.944288999999998,-11.969224546932516,2.1636399992575077,-19.123388927601695,0.06264080852270126,0,0.3163692355155945,,,,,
6.953688999999997,-11.945052510155964,1.963391215405489,-19.292578093755715,0.04597215726971626,0.037999436259269714,0.4486508369445801,,,,,
6.963105000000013,-11.820302068571829,1.8007143315508198,-19.475916754340663,0.03581450134515762,0.06102117896080017,0.5562034249305725,,,,,
6.97245700000002,-11.71943229720233,1.7310045559962277,-19.589615959575312,0,0.07589815557003021,0.6041198372840881,,,,,
6.981841000000003,-11.740675729895573,1.7664084087918939,-19.7244333523667,0,0.07430517673492432,0.5634656548500061,,,,,
6.991275000000002,-11.909676544519098,1.8880621413738303,-19.876247372221584,0,0.05472879111766815,0.44823604822158813,,,,,
7.000653,-12.184822012865464,2.047022950021263,-20.026308768201016,0,0.029878482222557068,0.3004908561706543,,,,,
7.009987000000024,-12.478613909219069,2.176672323131751,-20.1673235098227,0,0,0.17381054162979126,,,,,
7.019434000000018,-12.698912130423613,2.213091345151795,-20.271313586808603,0,0,0.10488766431808472,,,,,
7.028815000000009,-12.78104596743453,2.127649776071319,-20.31613740507926,0,0.02684447169303894,0.1110045313835144,,,,,
7.038192000000009,-12.71127957522465,1.9420552527180845,-20.333844901853443,0,0.037638962268829346,0.17699193954467773,,,,,
7.047539,-12.523464596082732,1.7124294936061064,-20.3543937951933,-0.03721759468317032,0.03446976840496063,0.2522795796394348,,,,,
7.056953000000021,-12.270173301631376,1.4988114166207058,-20.37533196052702,-0.04240838438272476,0,0.3046647906303406,,,,,
7.066343000000018,-12.006661298649835,1.3383909803150658,-20.432788511723317,-0.03569132834672928,0,0.31753844022750854,,,,,
7.0757270000000005,-11.7695923281336,1.2385572826103304,-20.545841883002254,0,0,0.2927359938621521,,,,,
7.085059999999999,-11.571589454959872,1.186568666753939,-20.655458459919263,0,-0.035647302865982056,0.24029028415679932,,,,,
7.094495000000023,-11.412230681551762,1.1609598486614074,-20.712517610668648,0,-0.05520646274089813,0.17531132698059082,,,,,
7.103847999999999,-11.280275092878258,1.1381413692241742,-20.74034599682462,0,-0.05819439888000488,0.1201944351196289,,,,,
7.113238000000024,-11.16327165976702,1.0916007233867426,-20.73260935598757,0.029542438685894012,-0.05189797282218933,0.09098976850509644,,,,,
7.122623000000004,-11.049950586379872,1.0123818397419793,-20.672515798921985,0,-0.02601747214794159,0.08692383766174316,,,,,
7.160205000000019,-10.570880173505783,0.859039571648645,-20.376647451180578,0,0,0.11922889947891235,,,,,
7.16958200000002,-10.529800262852754,0.9574884060826537,-20.33809107829644,0,-0.025658652186393738,0.07130062580108643,,,,,
7.178927000000016,-10.545608418156935,1.0693174651574209,-20.28152826348148,0,0,0,,,,,
7.18837400000001,-10.601537115620236,1.1325496646187112,-20.199419707811767,0,0,0,,,,,
7.1977640000000065,-10.633399803024588,1.1613784746038691,-20.076244028729775,0,0,-0.04981487989425659,,,,,
7.207183000000015,-10.60211041539592,1.150011048247623,-19.945984062369455,0,0.050966471433639526,-0.058459341526031494,,,,,
7.216529000000008,-10.490066314730944,1.1143440230139223,-19.827186718601517,0,0.07173861563205719,-0.04272526502609253,,,,,
7.225911000000025,-10.307419993127887,1.080136159105237,-19.745670995895555,0,0.07714589685201645,0,,,,,
7.2353060000000085,-10.102211151006351,1.060838227931241,-19.71737755013309,-0.0251623522490263,0.05703078210353851,0,,,,,
7.244689000000022,-9.91841203825133,1.0645496086575024,-19.740342835361293,0,0.02996017038822174,0.035279273986816406,,,,,
7.2541319999999985,-9.796025950637425,1.0990823941571597,-19.766950759864976,0,0,0.02638489007949829,,,,,
7.263455000000022,-9.745367518324539,1.1598048388313988,-19.77840242214151,0,0,0,,,,,
7.272831000000025,-9.766673299051213,1.2264855294295767,-19.78087427893723,0,0,-0.041977643966674805,,,,,
7.282221000000021,-9.83780013398524,1.267681687925612,-19.76914949849217,0,-0.029265984892845154,-0.08127892017364502,,,,,
7.291642000000024,-9.912574928673987,1.256392540242698,-19.732103744906873,0,0,-0.10399550199508667,,,,,
7.301033000000018,-9.938982994977737,1.1795328164621433,-19.658105442643613,0,0,-0.10126012563705444,,,,,
7.310368000000011,-9.883093206987299,1.0404588446780325,-19.570406222213684,0,0,-0.08171027898788452,,,,,
7.31970800000002,-9.742781341101779,0.8643195422102259,-19.49287929510485,0,0.02768242359161377,-0.03996598720550537,,,,,
7.329147000000006,-9.551744037860406,0.6834110184738728,-19.427385461909036,0,0.03318680822849274,0,,,,,
7.338573000000025,-9.354783660232403,0.5250705263658417,-19.36989572294314,0,0.02614094316959381,0,,,,,
7.347953000000018,-9.18732168369551,0.4009706954057302,-19.336689743533174,-0.025209952145814896,0,0.03521186113357544,,,,,
7.357299000000012,-9.067539674127785,0.30477043124302905,-19.325562169882836,0,0,0.026330113410949707,,,,,
7.3761160000000245,-8.9684940382272,0.1665295725528246,-19.313406821816216,0,0,-0.033974647521972656,,,,,
7.385485000000017,-8.96273142661985,0.09566055976246286,-19.311721841306092,0,-0.03282356262207031,-0.04668104648590088,,,,,
7.394830000000013,-8.951784754663967,-0.00507889024068438,-19.309370009154467,0,-0.03594003617763519,-0.04671221971511841,,,,,
7.413616000000019,-8.8091894840206,-0.2974780485485819,-19.3013368983711,0,-0.03254495561122894,0,,,,,
7.4229910000000245,-8.665798533307845,-0.4716129886171003,-19.275624209610427,0,-0.03062954545021057,0.045276939868927,,,,,
7.432411999999999,-8.489392185614985,-0.6329799996622139,-19.23780846895016,0,0,0.09047257900238037,,,,,
7.441699999999997,-8.330183239307079,-0.7454914400729549,-19.183861704138653,0,0,0.11668550968170166,,,,,
7.451076999999998,-8.215619506753635,-0.8054749963002226,-19.12293172665166,0,0,0.13056397438049316,,,,,
7.4604710000000125,-8.164740187126522,-0.8119267211724126,-19.070530254012635,0,0,0.10823500156402588,,,,,
7.469961000000012,-8.176241606427467,-0.782130187109806,-19.02651111460208,0,0,0.06824040412902832,,,,,
7.479329000000007,-8.228152786202948,-0.7236381327521755,-18.977582287519645,0,0,0.033952414989471436,,,,,
7.48869000000002,-8.298711620166484,-0.6648558036538922,-18.920791449655827,0,0,0,,,,,
7.49807100000001,-8.347544528029994,-0.6350125736057223,-18.863969297429133,0,0,0,,,,,
7.507486999999998,-8.363445827648198,-0.6454445704600972,-18.81750008958856,0,0,0,,,,,
7.516872000000006,-8.32508279677318,-0.6819241107610132,-18.759703121438243,0,0,0,,,,,
7.5262650000000235,-8.251887962081057,-0.7204431910130408,-18.69578442674857,0,0,0.04547911882400513,,,,,
7.5356020000000115,-8.167459928355784,-0.741371798689878,-18.6312803044786,0,0,0.06918531656265259,,,,,
7.54502100000002,-8.107277464097042,-0.7356329844804423,-18.56713610486565,0,0,0.06805932521820068,,,,,
7.554413000000011,-8.082112714903403,-0.707045284407022,-18.48865379029238,0,0,0.05627930164337158,,,,,
7.5637450000000115,-8.101092985631606,-0.6665407363998532,-18.417863193554485,0,0,0.030453622341156006,,,,,
7.573120000000017,-8.14654497078371,-0.6248501302544698,-18.349418765976775,0,0,0,,,,,
7.5825060000000235,-8.198358983995504,-0.594497545348941,-18.279886322939817,0,0,0,,,,,
7.5919039999999995,-8.236956465720974,-0.5916707416381164,-18.210250716561042,0,0,0,,,,,
7.60127300000002,-8.246785408917676,-0.6125583811866062,-18.13208826655488,0,0,0,,,,,
7.610669999999999,-8.230621444990403,-0.6375996606405588,-18.03906178392952,0,0,0.026132941246032715,,,,,
7.620047,-8.200776746816278,-0.6553338304321235,-17.950105924262996,0,0,0.04436182975769043,,,,,
7.629426000000024,-8.174494794664449,-0.6582367734826476,-17.88643241420287,0,0,0.05430114269256592,,,,,
7.6388120000000015,-8.166449125474063,-0.64475774594726,-17.862809149034508,0,0,0.05257052183151245,,,,,
7.648199000000005,-8.17829352152735,-0.6142232019139413,-17.851589822039067,0,0,0.04405421018600464,,,,,
7.6574930000000165,-8.208007165679762,-0.5663711478672129,-17.851369680370574,0,0,0.025819599628448486,,,,,
7.6669700000000205,-8.245117972787437,-0.5199971510570969,-17.86594542643369,0,0,0,,,,,
7.676346000000024,-8.279085566124676,-0.4911954814451055,-17.855455690972992,0,0,0,,,,,
7.685729000000009,-8.301533983151826,-0.49263414563855973,-17.83178340448023,0,-0.0254497230052948,0,,,,,
7.695118000000008,-8.302539474400891,-0.5229369792349391,-17.798270965776684,0.027229346334934235,0,0,,,,,
7.704498000000001,-8.284604314199994,-0.5710013856085752,-17.741344491122963,0.0349305234849453,0,0.027720153331756592,,,,,
7.713890000000021,-8.256337310030089,-0.6168632262520307,-17.67396390278227,0.03217814117670059,0,0.04571336507797241,,,,,
7.723275000000001,-8.233079401069796,-0.6401243374353185,-17.597619984233123,0,0,0.05810350179672241,,,,,
7.732664999999997,-8.221331771488982,-0.6401028543346848,-17.520782929198166,0,0,0.0627102255821228,,,,,
7.742038000000008,-8.224822986792546,-0.6176713422463985,-17.460098067943033,0,0.032026395201683044,0.05637073516845703,,,,,
7.751424000000014,-8.240817565386982,-0.5726743486127263,-17.41557527015606,0,0.03376784175634384,0.04371458292007446,,,,,
7.760817000000003,-8.259731531824347,-0.5047453679809646,-17.42457167260687,0,0.02897212654352188,0.032038986682891846,,,,,
7.770199000000019,-8.28857784164851,-0.43280936041307555,-17.452820920721628,0,0,0,,,,,
7.77958000000001,-8.317992842280649,-0.3862281557943872,-17.494574689606857,0,0,0,,,,,
7.788957000000011,-8.33594315066456,-0.3739721663440066,-17.533038166390245,0,0,-0.02732253074645996,,,,,
7.798337000000004,-8.325556545918737,-0.400254184105214,-17.560981995821418,0,0,0,,,,,
7.807731000000018,-8.277332115265029,-0.4578538187640013,-17.575887393013442,0,0,0,,,,,
7.817125000000004,-8.19430385588449,-0.5132974981268109,-17.579057070699903,0,0,0.0750647783279419,,,,,
7.82645100000002,-8.1246090977709,-0.5386834712882895,-17.58069722236158,0,0,0.11271625757217407,,,,,
7.835825999999997,-8.077163266051812,-0.5275531495745267,-17.59154257647438,0,0.029233701527118683,0.1460256576538086,,,,,
7.845207000000016,-8.076920687266943,-0.4735806701985679,-17.61377023191017,0,0.03337869048118591,0.1465049386024475,,,,,
7.854600000000005,-8.129154773758705,-0.3870965973869622,-17.649942796365796,0,0.03525879234075546,0.13564229011535645,,,,,
7.863983000000019,-8.219454172660164,-0.28636327516926874,-17.702212133186723,0,0.029012195765972137,0.11414003372192383,,,,,
7.873418000000015,-8.287361535462843,-0.20244779022187626,-17.766508425249636,0,0,0.0964919924736023,,,,,
7.882750000000016,-8.339675909134789,-0.1484162836187657,-17.828813062145358,0,0,0.10589319467544556,,,,,
7.892102000000023,-8.31783813607884,-0.1441316062417653,-17.801116333303206,0,0,0.1607378125190735,,,,,
7.901491000000021,-8.220512373549903,-0.18740110425518694,-17.768331463710354,0.032841309905052185,0,0.2568756937980652,,,,,
7.910873000000009,-8.077965775924273,-0.2565380323306879,-17.713741760790906,0.03773467615246773,0.039988115429878235,0.366083562374115,,,,,
7.920257000000021,-7.93033559828666,-0.31927335474107166,-17.61751132249054,0.02614777162671089,0.06817992031574249,0.4787023067474365,,,,,
7.929634000000021,-7.814309752583666,-0.3433093352486885,-17.51356235873381,0,0.08300971984863281,0.5530914068222046,,,,,
7.939026000000013,-7.7488131363560555,-0.30559481779118886,-17.435921342491184,0,0.08480565249919891,0.6014889478683472,,,,,
7.948401000000018,-7.736416310854137,-0.19331948515557332,-17.376017087476527,0.0346900150179863,0.0726364254951477,0.6275593638420105,,,,,
7.957796999999999,-7.758096592041437,-0.017106516491651718,-17.31949285844358,0.05289343744516373,0.05544415861368179,0.6315087080001831,,,,,
7.967180000000013,-7.794100905089344,0.19335511959980078,-17.233928865871317,0.06998660415410995,0.04484198987483978,0.623547375202179,,,,,
7.976556000000016,-7.8171964249825585,0.39846219349794404,-17.09102385006301,0.05087427422404289,0.05402280390262604,0.6285005211830139,,,,,
7.985933000000017,-7.794997197127745,0.5648095782815347,-16.916907581545825,0.0401134192943573,0.05924767255783081,0.643112063407898,,,,,
7.995327000000003,-7.695404848234807,0.6759776913042733,-16.73539914897384,0.0593775175511837,0.051422640681266785,0.6853546500205994,,,,,
8.004723000000013,-7.513840250050993,0.7354618479864315,-16.52882412931368,0.07822760939598083,0,0.7505839467048645,,,,,
8.014089000000013,-7.286397726605986,0.7587811834578503,-16.2915034783269,0.09254256635904312,0,0.7974140048027039,,,,,
8.023476000000016,-7.058295954492756,0.7748662432649986,-16.014723588878297,0.0981912612915039,-0.04769064486026764,0.8471847176551819,,,,,
8.032789000000008,-6.886765675141698,0.8152386473253003,-15.701636398875118,0.09889581054449081,-0.06408312171697617,0.8690350651741028,,,,,
8.042248999999998,-6.823617513258431,0.9047031093726969,-15.392758407400525,0.10802105069160461,-0.08226005733013153,0.8474547863006592,,,,,
8.051621000000011,-6.896678431203729,1.0399370527544642,-15.055634855368073,0.11916494369506836,-0.09319902211427689,0.7732268571853638,,,,,
8.070404000000025,-7.381439517516967,1.3298176481561905,-14.299151305636943,0.07127511501312256,-0.09116296470165253,0.573813796043396,,,,,
8.079789000000005,-7.701981156641037,1.4313299354807516,-13.918182186442875,0.07914629578590393,-0.08416019380092621,0.46967023611068726,,,,,
8.089164000000011,-7.981049646760141,1.4831307189743284,-13.52796167792702,0.0729740709066391,-0.07250788807868958,0.37592917680740356,,,,,
8.09856400000001,-8.138672041463842,1.4897946046514265,-13.148585809064505,0.05991434305906296,-0.07076139748096466,0.30506986379623413,,,,,
8.107954000000007,-8.1319726069143,1.477073663895662,-12.815500240958992,0.058228395879268646,-0.07356031239032745,0.2618594765663147,,,,,
8.117334999999997,-7.963921252173961,1.466901056690993,-12.540605613124407,0.056586913764476776,-0.07451082766056061,0.23289644718170166,,,,,
8.126710000000003,-7.688283869280539,1.4573517626615085,-12.3210406310686,0.04397629573941231,-0.07073457539081573,0.20051753520965576,,,,,
8.136104000000017,-7.36597860950835,1.4395519388351303,-12.150301187532758,0,-0.06557248532772064,0.15926915407180786,,,,,
8.145508000000007,-7.0376905999058454,1.4187644172720044,-12.027099723622975,0,-0.052465952932834625,0.1129140853881836,,,,,
8.15489100000002,-6.704837744776103,1.410050193936666,-11.957187978172817,-0.03468500077724457,-0.032855287194252014,0.0651235580444336,,,,,
8.164267000000024,-6.33376144619599,1.4360017439709365,-11.962110160495516,-0.06009621545672417,0,0,,,,,
8.173649000000012,-5.89285754024046,1.5073394979219485,-12.129789998273083,-0.060803577303886414,-0.025713235139846802,-0.04423564672470093,,,,,
8.183040000000005,-5.360054727151081,1.618484099925734,-12.377047545914905,-0.05910850316286087,-0.041313089430332184,-0.0977984070777893,,,,,
8.192433000000023,-4.730203111777392,1.752665068276499,-12.693749779676548,-0.056035663932561874,-0.06519651412963867,-0.13944405317306519,,,,,
8.201718,-4.01497536136138,1.897685308094745,-13.054919688577323,-0.049357932060956955,-0.09155073761940002,-0.17325478792190552,,,,,
8.211185999999998,-3.236063623035762,2.052779554010219,-13.443225646228235,-0.056412700563669205,-0.12365953624248505,-0.2025688886642456,,,,,
8.220569000000012,-2.4243754673904268,2.2242644262328586,-13.82090774270877,-0.07001388072967529,-0.15756811201572418,-0.2365843653678894,,,,,
8.229957000000013,-1.608326645210938,2.407819687576313,-14.191792463706822,-0.06778892874717712,-0.1876544952392578,-0.2803875803947449,,,,,
8.239325000000008,-0.8075275816832864,2.5812521480233532,-14.539384611684266,-0.05671289935708046,-0.21869707107543945,-0.33520621061325073,,,,,
8.24872000000002,-0.03178388444245937,2.717727240214379,-14.840230121789093,-0.03847355768084526,-0.22953788936138153,-0.37301522493362427,,,,,
8.258093000000002,0.7113085842815856,2.7947847226134934,-15.084397927005206,0,-0.22931531071662903,-0.3945896625518799,,,,,
8.267476000000016,1.4190399717734108,2.8059069345013694,-15.255190347855878,0,-0.20383013784885406,-0.37336695194244385,,,,,
8.276870000000002,2.074023869683277,2.76876260636358,-15.349728736643085,-0.05929986760020256,-0.17669157683849335,-0.3452344536781311,,,,,
8.286237,2.6629422866199297,2.7288624317114767,-15.384919579344295,-0.08903144299983978,-0.15132665634155273,-0.32483547925949097,,,,,
8.29562900000002,3.1714351267357634,2.728271214563904,-15.384920913162212,-0.10124175250530243,-0.1450517624616623,-0.34390485286712646,,,,,
8.305014,3.6019475705301347,2.781253971681739,-15.367257896969384,-0.10178211331367493,-0.14278101921081543,-0.381969153881073,,,,,
8.314402999999999,3.9597332064622637,2.8701219318494173,-15.346188127297285,-0.09291300177574158,-0.14533919095993042,-0.44638562202453613,,,,,
8.323777000000007,4.259632568941015,2.9577458557060154,-15.32732711695391,-0.09211768209934235,-0.14054352045059204,-0.507177472114563,,,,,
8.33280400000001,4.509425645992077,3.0136335441007813,-15.3249851230682,-0.1296956092119217,-0.11194059252738953,-0.5289979577064514,,,,,
8.351927000000018,4.814083112664142,3.0690264781009358,-15.563972583788708,-0.09335019439458847,-0.06989254057407379,-0.5714593529701233,,,,,
8.361324000000025,4.938148545111282,3.024452107796718,-15.751954663747787,-0.04337504133582115,-0.05204247310757637,-0.6342687606811523,,,,,
8.37070300000002,5.1482607444610355,2.9008427327093678,-15.920009333524586,-0.03357350081205368,-0.058384254574775696,-0.6533339619636536,,,,,
8.380083000000013,5.492787298677849,2.731271549385214,-16.07516442124961,0,-0.06950157880783081,-0.5706937909126282,,,,,
8.389478000000025,5.925327981072881,2.562036984764063,-16.19781335082397,0,-0.09117075800895691,-0.47931140661239624,,,,,
8.408247000000017,6.683707957518615,2.259570025409647,-16.348402063363547,-0.0467061772942543,-0.09531121701002121,-0.37242794036865234,,,,,
8.417631999999998,6.883881288109662,2.113743338750643,-16.42332841242672,-0.06144942715764046,-0.08732126653194427,-0.3960239291191101,,,,,
8.427026000000012,6.993236612546666,1.977866454817491,-16.50804931644141,-0.048691362142562866,-0.07214488089084625,-0.4310135245323181,,,,,
8.445783000000006,7.178091537625988,1.6978313632902309,-16.624263406119397,0,-0.04071618616580963,-0.42442744970321655,,,,,
8.455175000000025,7.315786821546869,1.5191508131928608,-16.635040233286887,-0.02521752379834652,-0.03237426280975342,-0.4017632007598877,,,,,
8.464533000000017,7.486151429582655,1.3189006604254114,-16.627898515884322,-0.03163939714431763,0,-0.35315418243408203,,,,,
8.473934000000014,7.662455811501604,1.1168945729697772,-16.61828008205569,0,0,-0.29426300525665283,,,,,
8.483325000000008,7.819721979514093,0.9283535149204367,-16.60608938430062,0,0,-0.2549116015434265,,,,,
8.492693000000003,7.946081210365673,0.7555799910845904,-16.593506399519576,0,0.026474058628082275,-0.22927695512771606,,,,,
8.502089000000012,8.04402242378866,0.5942757769723983,-16.592251466798512,0,0.03917279839515686,-0.20979607105255127,,,,,
8.51146700000001,8.135778699825309,0.44576918594125287,-16.620629184507376,0,0.03368009626865387,-0.1951979398727417,,,,,
8.520857000000007,8.252340091421502,0.32596471246683184,-16.682318735099592,0,0,-0.16759401559829712,,,,,
8.530257000000006,8.405030683604123,0.2518053747986285,-16.764849977528293,0,0,-0.13476252555847168,,,,,
8.539642000000015,8.578189974082134,0.22521264875072775,-16.839860314654228,0,-0.055946409702301025,-0.10821014642715454,,,,,
8.549027000000024,8.735764140173858,0.22891853897371106,-16.872488752095407,0,-0.07159717381000519,-0.08876389265060425,,,,,
8.558405000000022,8.841719846545033,0.2434369754800233,-16.83697872368493,0,-0.07171651721000671,-0.086528480052948,,,,,
8.56778700000001,8.87834900321596,0.2600248465102509,-16.73397110361742,0,-0.055023983120918274,-0.10131275653839111,,,,,
8.577179000000001,8.854145528584105,0.27000250846641494,-16.58013374162562,0,-0.028010502457618713,-0.11333298683166504,,,,,
8.586556000000002,8.797918058784276,0.2606106993111625,-16.390768259286858,0,0,-0.10616427659988403,,,,,
8.59594100000001,8.744278573921962,0.23127081975368644,-16.25380374359763,0.03038833662867546,0.0426919162273407,-0.09923326969146729,,,,,
8.60532600000002,8.723947472223376,0.1934616206400245,-16.141389408668704,0.04192846268415451,0.06817430257797241,-0.08172142505645752,,,,,
8.614704000000017,8.740195632774567,0.16558882362906183,-16.057002421746144,0.04388199746608734,0.08472977578639984,-0.057523906230926514,,,,,
8.624166000000002,8.87085649352093,0.11943089864898965,-16.024133229421906,0.037464410066604614,0.08345192670822144,-0.027652859687805176,,,,,
8.633557000000025,8.97721795936842,0.11100359403537984,-16.00288928724584,0.026581330224871635,0.07844606041908264,0,,,,,
8.642933,9.047043011130462,0.144472572304806,-15.95814068954667,0,0.07138663530349731,0,,,,,
8.652319000000006,9.081819163289367,0.21375947900543213,-15.91366789394874,0,0.06297989189624786,0,,,,,
8.661698000000001,9.104663560021484,0.31499440985617344,-15.872130277652843,0,0.05453544855117798,-0.04188662767410278,,,,,
8.671091000000018,9.137570630077969,0.4181779273402947,-15.829835819184622,0,0.04030625522136688,-0.07204025983810425,,,,,
8.680470000000014,9.191271178576546,0.4810984426168792,-15.816660972246009,0,0,-0.08237451314926147,,,,,
8.68984900000001,9.267691749279914,0.47312345224890473,-15.811750615914008,0.04314928129315376,0,-0.06166565418243408,,,,,
8.699240000000003,9.352423258627521,0.40084333791396426,-15.80267463829965,0.057991817593574524,0,0,,,,,
8.708631000000025,9.434801497976645,0.29536394351146356,-15.794155208702467,0.06176293268799782,0,0.03175169229507446,,,,,
8.727400000000017,9.561036811827092,0.10262275995636251,-15.728619267408495,0.046687062829732895,0.06497380137443542,0.07480376958847046,,,,,
8.736779000000013,9.594773414344106,0.07831327428478398,-15.72281198630092,0,0.08220505714416504,0.05220901966094971,,,,,
8.746164000000022,9.608303061825044,0.13160513987648342,-15.766430140521283,0,0.0729445070028305,0,,,,,
8.755552000000023,9.613485226689642,0.24499960787462283,-15.88937957918358,0,0.046504437923431396,0,,,,,
8.764927,9.624846084704622,0.38489133072342835,-16.056822129359375,0,0,0,,,,,
8.774309000000017,9.64124511722047,0.5062587718145545,-16.2553855363025,0,-0.025948241353034973,0,,,,,
8.783699000000013,9.651448989217364,0.5955951818810529,-16.446540899034826,0,-0.05271729826927185,0,,,,,
8.793081999999998,9.639390552234222,0.6644751979100358,-16.580749704209286,0,-0.06543958187103271,0,,,,,
8.802469000000002,9.584788694959444,0.7182244843959935,-16.644605419108235,0,-0.06889016926288605,0,,,,,
8.811853000000013,9.488098467743736,0.7545345274101116,-16.68163643614457,0,-0.06332074105739594,0,,,,,
8.821241000000015,9.375780215276121,0.774021132573504,-16.703957472233057,0,-0.052602410316467285,0,,,,,
8.830626000000024,9.282329651681268,0.7806486718070446,-16.727825691092274,0,-0.04196484386920929,0,,,,,
8.840006000000017,9.225418360150007,0.7650890652846841,-16.76571099361184,0,-0.03537319600582123,0,,,,,
8.849404000000021,9.20603786956016,0.7318171353180005,-16.814321260295813,0,-0.03211258351802826,0.046056389808654785,,,,,
8.858775000000009,9.207296074463754,0.702330031194624,-16.862635459102393,0,-0.033599287271499634,0.07386964559555054,,,,,
8.868166000000002,9.200756685225443,0.6959271548384677,-16.90343965776701,0,-0.04031885415315628,0.09507805109024048,,,,,
8.87753600000002,9.16755925545508,0.7141012944412777,-16.92703273114553,0,-0.0453583225607872,0.09694141149520874,,,,,
8.896312000000023,9.017412573688217,0.7880278589931543,-16.90268451631072,0,-0.04496430605649948,0.03725200891494751,,,,,
8.90570600000001,8.938270928318014,0.8120527076026539,-16.87111965967772,0,-0.03749919682741165,0,,,,,
8.91508300000001,8.88054473757479,0.8109844164489941,-16.846390578946263,0,-0.029427990317344666,0,,,,,
8.924467000000021,8.85635018146088,0.7814464618524546,-16.83218628035529,0,0,0,,,,,
8.933850000000007,8.862432062225222,0.7337076434369774,-16.82673253328553,0,0,0,,,,,
8.943235000000016,8.887561848810794,0.6864549636094625,-16.826365136156095,0,0,0.04883289337158203,,,,,
8.952606000000003,8.9171406182605,0.6598325290021254,-16.825158424696202,-0.028988266363739967,0,0.056715428829193115,,,,,
8.962004000000007,8.944731772673068,0.661410352653022,-16.827338218123572,-0.03164472430944443,0,0.04922640323638916,,,,,
8.971388000000019,8.966841224866807,0.6834023507521626,-16.84464556279924,0,0,0.030746936798095703,,,,,
8.990167000000014,9.016695919352738,0.7071814935236881,-16.94240163529318,0,-0.030314818024635315,0,,,,,
8.999544000000014,9.046988779760238,0.6987100122883273,-16.99754760402683,0,-0.0420612171292305,0.0329211950302124,,,,,
9.008927999999997,9.074095357110199,0.6877968859318583,-17.03279251709982,0,-0.04618871212005615,0.059345245361328125,,,,,
9.018308000000019,9.078741331811914,0.6921264506718046,-17.035205051998325,0,-0.04797662794589996,0.07765907049179077,,,,,
9.027697000000018,9.049744535436952,0.7169249988545936,-16.99737669970844,0,-0.04235205054283142,0.07612055540084839,,,,,
9.037081999999998,8.98656562820136,0.7596047371533396,-16.921785521527575,0,-0.030769601464271545,0.04350525140762329,,,,,
9.04646200000002,8.91131741850085,0.8136370845834069,-16.82154601046625,0,0,0,,,,,
9.05585000000002,8.85412095453845,0.8641982258805593,-16.714836723934464,0,0,0,,,,,
9.065224,8.831718350631405,0.9064037198453431,-16.615662005901118,0,0,-0.03666454553604126,,,,,
9.074604000000022,8.849510894979757,0.9350143029636849,-16.5366663343567,0,0.03211219608783722,-0.036120831966400146,,,,,
9.083998000000008,8.900760885775856,0.9476814253740563,-16.488681539211797,0,0.037329092621803284,-0.029635310173034668,,,,,
9.093380000000025,8.968916655780093,0.9470117455200273,-16.477985609004715,0,0.030054166913032532,0,,,,,
9.102772000000016,9.039259777079177,0.932161006980464,-16.504088035621905,0,0,0,,,,,
9.112151000000011,9.105549852289718,0.9132607617974657,-16.552103041036876,0,0,0.04191833734512329,,,,,
9.121539000000013,9.164407059325075,0.9058988718148383,-16.59774547881033,0,0,0.04622739553451538,,,,,
9.130925000000019,9.213977664143869,0.9185771169678415,-16.625729156142565,0,0,0.041000962257385254,,,,,
9.140303000000017,9.253998141136396,0.952567979626752,-16.633041237262116,0,0,0,,,,,
9.149687,9.280713560117738,0.9973131825116228,-16.627112750028303,0,0,0,,,,,
9.159081000000015,9.293950990096286,1.0400570078985658,-16.614405148367144,0,0,0,,,,,
9.16844900000001,9.29650852043236,1.0668466108748063,-16.59841734902254,0,0,-0.02948319911956787,,,,,
9.177833000000021,9.30391666863642,1.0581911468602974,-16.58263824869771,0,0,-0.03605306148529053,,,,,
9.187223000000017,9.331833062015232,1.0166929295141172,-16.569575639173415,0,0,-0.03135108947753906,,,,,
9.196616000000006,9.39416419109505,0.9520286614341955,-16.563197462045125,0,0,0,,,,,
9.20599900000002,9.496137238198246,0.8899523595388114,-16.569148890506877,0,0,0,,,,,
9.22476500000002,9.76151633517148,0.8036081841874008,-16.69101086676398,0,0,0.04596209526062012,,,,,
9.234127,9.890667359404656,0.7922239041589595,-16.77856526098038,0,0,0.04439210891723633,,,,,
9.243527999999998,9.991992503066161,0.8031204658438996,-16.854065472092294,0,0,0,,,,,
9.252915000000002,10.070333707734276,0.8190926751165106,-16.92321495452317,0,0,0,,,,,
9.262281999999999,10.126524830417653,0.8194207054677808,-16.98221350680654,0,0,-0.04150599241256714,,,,,
9.271680000000003,10.173921617774429,0.7967006205005707,-17.032294827975,0,0,-0.05478566884994507,,,,,
9.281063000000017,10.22292800175139,0.753720972451867,-17.1052822476318,0,0,-0.04488426446914673,,,,,
9.290454000000011,10.276129103354128,0.7038813821506271,-17.16195079527797,0,0,0,,,,,
9.29983200000001,10.330807904211856,0.6660609107731374,-17.20711777218338,0,0,0,,,,,
9.309217000000018,10.376405627899478,0.6490983660448819,-17.249247190112147,0,0,0,,,,,
9.32799,10.437569016056543,0.691379733182512,-17.253420970317116,0,0,0,,,,,
9.337364000000008,10.457719887135447,0.7336602860762378,-17.256751306709535,0,-0.025574907660484314,-0.050009310245513916,,,,,
9.346762000000012,10.480801923321724,0.7662707727800245,-17.263538033551413,0,-0.027189671993255615,-0.07140082120895386,,,,,
9.356141000000008,10.517896364434,0.7870388944718201,-17.267435309001044,0,0,-0.07786601781845093,,,,,
9.365521999999999,10.56893146726213,0.8049254483153809,-17.262983143761705,0,0,-0.08550679683685303,,,,,
9.374759000000012,10.620370629602547,0.8196785759479175,-17.252173169139873,0,0,-0.1043701171875,,,,,
9.384231,10.67636891784579,0.8470133851840266,-17.24432816573328,0,0,-0.13199883699417114,,,,,
9.393614000000014,10.746599528942927,0.8911907646062591,-17.251320410877646,0,0,-0.17079943418502808,,,,,
9.402978000000019,10.849220627475377,0.9574177638412723,-17.286147316776006,0,0,-0.20875370502471924,,,,,
9.41235900000001,10.996528334284742,1.0536394794786403,-17.354531745561136,0,-0.04089701175689697,-0.24337363243103027,,,,,
9.421742000000023,11.18973279449958,1.1797036894695323,-17.45431647593746,0.030103787779808044,-0.07323309034109116,-0.26879096031188965,,,,,
9.431133000000017,11.419783793354648,1.3335750289668888,-17.570266204187018,0.050112638622522354,-0.10497372597455978,-0.2862463593482971,,,,,
9.440508000000023,11.661017682571199,1.5119580172082858,-17.671958510848903,0.05298097804188728,-0.1115221306681633,-0.2716646194458008,,,,,
9.449893000000003,11.870531396564692,1.7109460744481033,-17.72175914436978,0.039860524237155914,-0.09482856839895248,-0.24081164598464966,,,,,
9.459278000000012,12.002224875800671,1.9304854660890225,-17.692762927939896,0,-0.07118700444698334,-0.24509745836257935,,,,,
9.468662000000023,12.030257567309375,2.178714635164437,-17.590134708105875,0,-0.039180874824523926,-0.29047179222106934,,,,,
9.47805200000002,11.952297526633629,2.4579225187272313,-17.456150140877583,-0.044711291790008545,0,-0.3715693950653076,,,,,
9.487451000000021,11.806987298388421,2.7520362950713704,-17.344458920351155,-0.05715146288275719,0,-0.47483062744140625,,,,,
9.496814,11.670408953747895,3.0311130768603465,-17.3051766969713,-0.05423896387219429,0,-0.5756022930145264,,,,,
9.506211000000008,11.630034996004783,3.2779611246237064,-17.383148101993804,-0.03529728204011917,0,-0.6333402395248413,,,,,
9.515500000000003,11.74473275664892,3.4904724333739576,-17.59981332492782,0,-0.039445653557777405,-0.6180810332298279,,,,,
9.52497200000002,12.014233150390378,3.6592020933528775,-17.913969411653493,0.03307626396417618,-0.05815368890762329,-0.5251910090446472,,,,,
9.53434900000002,12.38172609308481,3.769159622341903,-18.255152580161724,0.052315302193164825,-0.05706323683261871,-0.4241652488708496,,,,,
9.543740000000014,12.78113278530216,3.8269548256715824,-18.592961628881934,0.04185377061367035,-0.05456513166427612,-0.3528009057044983,,,,,
9.553127000000018,13.144573031885052,3.85887556938242,-18.9341761942904,0,-0.03949631750583649,-0.30132490396499634,,,,,
9.562510000000003,13.400888216995195,3.9158117546054156,-19.223444833720716,-0.046146951615810394,-0.044556811451911926,-0.3080427050590515,,,,,
9.57190700000001,13.522237520039472,4.018114974533383,-19.503513291433844,-0.07144971936941147,-0.054146841168403625,-0.35476672649383545,,,,,
9.581272000000013,13.521033607398918,4.1639284339197316,-19.803879910108563,-0.08086734265089035,-0.08336405456066132,-0.43926310539245605,,,,,
9.590658000000019,13.45325104411841,4.329972881666859,-20.162018482864354,-0.06602133810520172,-0.13706675171852112,-0.5176535248756409,,,,,
9.600045000000023,13.389611779667023,4.496380796994003,-20.619709206832283,-0.02798963338136673,-0.21035778522491455,-0.5591731667518616,,,,,
9.609414000000015,13.386667665492247,4.637986572445526,-21.11286212978512,0.02815396338701248,-0.27419042587280273,-0.5343496203422546,,,,,
9.618815000000012,13.459214822171191,4.7338685825845985,-21.589814035371354,0.08545377850532532,-0.3180861473083496,-0.4407156705856323,,,,,
9.628196000000003,13.55872199775038,4.777839434120497,-21.97430015859619,0.12306256592273712,-0.3102381229400635,-0.2928735613822937,,,,,
9.637579000000017,13.586708524722072,4.769169889056427,-22.262038281934142,0.12461978197097778,-0.2653302550315857,-0.14759153127670288,,,,,
9.646980000000013,13.428511113351666,4.723453263608955,-22.44080766507463,0.06355664134025574,-0.18654224276542664,-0.05094248056411743,,,,,
9.656378000000018,13.004795068781648,4.666687667634128,-22.548744572728545,-0.054306767880916595,-0.10106173157691956,-0.06368649005889893,,,,,
9.665751,12.360630876428527,4.627131791500104,-22.652446217557646,-0.17382284998893738,-0.0564698725938797,-0.13134914636611938,,,,,
9.67511300000001,11.630530430714087,4.641101182941739,-22.823566164767186,-0.23848384618759155,-0.07112650573253632,-0.2049735188484192,,,,,
9.684505000000001,10.95516783489649,4.731343372799171,-23.1008078893344,-0.20373012125492096,-0.14205315709114075,-0.27522367238998413,,,,,
9.69389000000001,10.414947132131664,4.882660363656517,-23.403127712794262,-0.08153849095106125,-0.23379579186439514,-0.3035880923271179,,,,,
9.703276000000017,10.010163911376189,5.039590842129218,-23.66153967902507,0,-0.2973431348800659,-0.25507086515426636,,,,,
9.731434000000007,8.592750406276979,5.0462750283536995,-23.867521560536378,0.13675835728645325,-0.13979989290237427,0.1806444525718689,,,,,
9.740832000000012,7.702026171851529,4.846792882680024,-23.693333603394958,0.0486217699944973,0,0.2440323829650879,,,,,
9.750201000000004,6.625541136078459,4.5963907940154725,-23.506608837841476,-0.10066963732242584,0.13509361445903778,0.1891247034072876,,,,,
9.759608000000014,5.52491012424546,4.3390522336603805,-23.62085454474717,-0.21543529629707336,0.1928955614566803,0.07499814033508301,,,,,
9.769058999999999,4.793994134334461,4.349381610683433,-23.92622579310325,-0.25575950741767883,0.173845112323761,0,,,,,
9.778438000000023,4.3005621371257625,4.293321176346504,-24.444774458475713,-0.17621515691280365,0.06845156103372574,0,,,,,
9.787762000000015,4.097326897399159,4.039019791760124,-25.090858970639907,0,-0.039307888597249985,0.12792092561721802,,,,,
9.797117000000014,4.13723605639679,3.7380616693600115,-25.713914397302407,0.14473776519298553,-0.09224258363246918,0.3142755627632141,,,,,
9.8065,4.238078002432745,3.3857223533443457,-26.227425748724954,0.20448029041290283,-0.09646235406398773,0.4965348243713379,,,,,
9.815883000000014,4.210145508898237,3.016004076616417,-26.599122585573856,0.18608172237873077,-0.04622747749090195,0.6388795971870422,,,,,
9.825263000000007,3.923343966736381,2.6792885642879996,-26.845929879799698,0.13702432811260223,0,0.7092378735542297,,,,,
9.834658000000019,3.341547495777111,2.408366367571948,-27.00477388394413,0.0913086086511612,0.0974368304014206,0.7049698233604431,,,,,
9.844040000000007,2.519698244212012,2.20984294866284,-27.12156042535929,0.03929061442613602,0.14565880596637726,0.5962496995925903,,,,,
9.853429000000006,1.5950993123251207,2.0602349626456005,-27.255174978598845,0,0.154450461268425,0.4355096220970154,,,,,
9.862813000000017,0.7344767084834807,1.9115208018479921,-27.46723363739668,0,0.12700071930885315,0.3211665153503418,,,,,
9.87218900000002,0.05620110444068294,1.72513598079593,-27.76951021066748,0,0.07685557007789612,0.3112216591835022,,,,,
9.881573000000003,-0.42924613622273494,1.5007093654439112,-28.12099264509898,0.06815673410892487,0,0.38092291355133057,,,,,
9.890968000000015,-0.7826076232041999,1.262136160609132,-28.447660725648397,0.08278215676546097,0,0.48507583141326904,,,,,
9.900339000000002,-1.0901961702845377,1.0258156853853349,-28.721072240346295,0.07451050728559494,0,0.5778011083602905,,,,,
9.909724000000011,-1.4150846833032973,0.8033147142495831,-28.953406432865503,0.06794370710849762,0.03372039645910263,0.6271511912345886,,,,,
9.919105000000002,-1.787447634403347,0.6234593790344556,-29.15997249253727,0.06748896092176437,0.05827324092388153,0.6321736574172974,,,,,
9.92849000000001,-2.203844467532924,0.5128673102982341,-29.355265967721042,0.05140690132975578,0.06895244121551514,0.5826316475868225,,,,,
9.947321000000017,-3.067040505056986,0.4846295608947327,-29.755904788751092,0,0.04422926902770996,0.3739679455757141,,,,,
9.956664000000018,-3.4348090026850646,0.5049732715242425,-29.97811608050906,0,0,0.28259098529815674,,,,,
9.966103000000004,-3.721139573755878,0.5004457039298029,-30.19896147637166,0,0,0.24215418100357056,,,,,
9.97542900000002,-3.9184354165115596,0.4488890854157031,-30.390369906023807,0,0,0.252868115901947,,,,,
